gwid,gwgroupid,religion1,rel1_size,religion2,rel2_size,religion3,rel3_size,language1,lang1_size,language2,lang2_size,language3,lang3_size,phenotype1,pheno1_size,phenotype2,pheno2_size,phenotype3,pheno3_size
2,201000,ARC4,0.56,ATH,0.2,ARC1,0.17,eng,1,,0,,0,eur,1,,0,,0
2,202000,ARC1,0.7,ARC4,0.2,,0,eng,0.91,,0,,0,ame,0.5,eur,0.25,ssa,0.25
2,203000,ARC4,0.78,ATH,0.13,,0,eng,1,,0,,0,ssa,1,,0,,0
2,204000,ARC,0.45,ATH,0.3,,0,eng,1,,0,,0,eas,0.33,sas,0.33,eur,0.33
2,205000,ANI,0.66,ARC,0.25,,0,eng,0.9,,0,,0,ame,1,,0,,0
2,206000,ARC1,0.35,ARI,0.24,ARC4,0.18,eng,1,,0,,0,eur,1,,0,,0
20,2001000,ARC1,0.32,ARC99,0.26,ATH,0.19,eng,1,,0,,0,eur,1,,0,,0
20,2002000,ARC1,0.7,ATH,0.25,,0,fra,1,,0,,0,eur,1,,0,,0
20,2004000,ARC1,0.6,ARC4,0.3,ANI,0.1,eng,0.5,cre,0.13,oji,0.1,ame,1,,0,,0
31,3101000,ARC4B,0.35,ARC5,0.137,ARC1,0.12,bah,1,,0,,0,ssa,1,,,,
31,3102000,ARC4B,0.35,ARC5,0.137,ARC1,0.12,bah,1,,0,,0,eur,1,,,,
40,4001000,ARC1,0.48,ATH,0.25,ANI,0.18,spa,1,,0,,0,eur,1,,0,,0
40,4002000,ARC1,0.46,ANI,0.23,ATH,0.2,spa,1,,0,,0,ssa,0.66,eur,0.34,,0
42,42002000,ANI1,0.5,ARC1,0.5,,0,hat,0.96,spa,0.02,fra,0.01,ssa,1,,0,,0
52,5201000,ERH,0.5,ARC,0.38,ARI,0.1,eng,1,,0,,0,sas,1,,0,,0
52,5202000,ARC4,0.32,ARC1,0.28,ARC99,0.16,eng,1,,0,,0,ssa,1,,0,,0
70,7001000,ARC1,0.87,,0,,0,spa,1,,0,,0,eur,0.6,ame,0.4,,0
70,7002000,ARC1,0.72,ARC4,0.21,,0,yua,0.42,tzh,0.38,ctu,0.08,ame,1,,0,,0
70,7003000,ARC1,0.85,,0,,0,spa,0.67,nhe,0.031,nhw,0.03,ame,1,,0,,0
70,7009000,ARC1,0.87,,0,,0,spa,1,,0,,0,ssa,1,,0,,0
80,8001000,ARC1,0.81,ARC4,0.12,,0,spa,0.5,eng,0.5,,0,ame,0.5,eur,0.5,,0
80,8002000,ARC4,0.29,ATH,0.25,ARC5,0.19,bzj,1,,0,,0,ssa,0.75,ame,0.25,,0
80,8003000,ARC1,0.71,ARC4,0.21,,0,kek,0.57,mop,0.35,yua,0.08,ame,1,,0,,0
80,8004000,ARC1,0.55,ARC99,0.23,ARC4,0.14,cab,0.56,eng,0.44,,0,ssa,0.7,ame,0.2,eur,0.1
90,9001000,ARC1,0.57,ARC4,0.31,ARC99,0.08,spa,1,,0,,0,eur,0.5,ame,0.5,,0
90,9002000,ARC1,0.77,ARC4,0.15,ARC99,0.07,quc,0.24,kek,0.05,quc,0.03,ame,1,,0,,0
90,9003000,ARC1,0.51,ARC99,0.21,ANI199,0.15,cab,1,,0,,0,ame,1,,0,,0
90,9004000,ARC1,0.5,ANI199,0.5,,0,spa,1,,0,,0,ame,1,,0,,0
91,9106000,ARC1,0.75,ARC4,0.19,ARC99,0.03,spa,1,,0,,0,eur,0.5,ame,0.5,,0
91,9107000,ARC1,0.59,ARC4,0.31,ANI,0.03,spa,0.7,miq,0.27,pay,0.02,ame,1,,0,,0
91,9110000,ARC1,0.54,ARC99,0.36,ANI,0.1,cab,1,,0,,0,ssa,0.5,ame,0.5,,0
92,9201000,ARC1,0.58,ARC4,0.26,,0,spa,1,,0,,0,eur,1,,0,,0
92,9202000,ARC1,0.78,ARC4,0.12,,0,spa,0.99,,0,,0,ame,1,,0,,0
93,9301000,ARC1,0.71,ARC4,0.15,ARC99,0.12,spa,1,,0,,0,eur,0.6,ame,0.4,,0
93,9302000,ARC4,0.46,ARC1,0.34,ARC99,0.14,spa,0.9,bzk,0.1,,0,ssa,1,,0,,0
93,9303000,ARC4J,0.54,ARC1,0.23,ARC99,0.14,miq,1,,0,,0,ame,1,,0,,0
93,9305000,ARC4J,0.6,ARC1,0.17,ANI,0.1,sum,1,,0,,0,ame,1,,0,,0
94,9401000,ARC1,0.75,,0,,0,spa,1,,0,,0,eur,0.75,ame,0.2,ssa,0.05
94,9402000,ARC1,0.49,ARC4,0.28,ARC99,0.14,jam,0.9,,0,,0,ssa,1,,0,,0
94,9403000,ARC1,0.63,ARC99,0.17,ARC4,0.13,spa,0.5,bzd,0.1,cjp,0.1,ame,1,,0,,0
95,9501000,ARC1,0.75,ARC4,0.14,,0,spa,1,,0,,0,eur,0.6,ame,0.2,ssa,0.2
95,9502000,ARC4,0.39,ARC1,0.26,ARC99,0.22,jam,1,,0,,0,ssa,1,,0,,0
95,9503000,ARC1,0.6,ARC4,0.19,,0,gym,1,,0,,0,ame,1,,0,,0
95,9504000,ARC1,0.64,ARC4,0.13,ANI,0.1,cuk,1,,0,,0,ame,1,,0,,0
95,9505000,ARC1,0.76,ANI,0.14,,0,emp,1,,0,,0,ame,1,,0,,0
100,10001000,ARC1,0.91,,0,,0,spa,1,,0,,0,eur,0.6,ame,0.4,,0
100,10002000,ARC1,0.81,,0,,0,spa,1,,0,,0,ssa,1,,0,,0
100,10003000,ANI,0.37,ARC1,0.29,ARC4,0.12,spa,0.52,guc,0.11,pbb,0.09,ame,1,,0,,0
101,10101000,ARC1,0.71,ATH,0.12,,0,spa,1,,0,,0,eur,0.6,ame,0.2,ssa,0.2
101,10102000,ARC1,0.71,ATH,0.12,,0,spa,1,,0,,0,ssa,1,,0,,0
101,10103000,ANI,0.54,ARC1,0.23,,0,guc,0.31,wba,0.05,,0,ame,1,,0,,0
110,11001000,ERH1,0.7,ARI,0.14,,0,gyn,0.98,,0,,0,sas,1,,0,,0
110,11002000,ARC4,0.48,ARC1,0.29,ARC99,0.19,gyn,1,,0,,0,ssa,1,,0,,0
110,11003000,ANI,0.37,ARC1,0.19,ARC4,0.18,gyn,0.58,arw,0.15,,0,ame,1,,0,,0
115,11501000,ARC99,0.38,ARC1,0.36,ATH,0.12,nld,0.6,gyn,0.39,,0,ssa,0.5,eur,0.5,,0
115,11502000,ATH,0.46,ANI,0.34,ERB,0.12,hak,0.58,yue,0.42,,0,eas,1,,0,,0
115,11503000,ERH,0.3,ARC4,0.26,ARI,0.15,hns,0.5,nld,0.4,srn,0.1,sas,1,,0,,0
115,11504000,ARC1,0.44,ANI,0.43,,0,nld,0.416,tri,0.21,car,0.19,ame,1,,0,,0
115,11505000,ARI1,0.44,ARC4,0.23,ARC1,0.11,jvn,0.5,nld,0.4,srn,0.1,sas,1,,0,,0
115,11506000,ARC1,0.59,ANI,0.18,ARC4,0.1,srn,0.6,djk,0.22,srm,0.15,ssa,0.5,ame,0.5,,0
130,13002000,ARC1,0.8,,0,,0,spa,1,,0,,0,eur,0.6,ame,0.4,,0
130,13003000,ARC4,0.7,ARC99,0.12,ARC4,0.12,qug,0.48,qvi,0.35,qxr,0.08,ame,1,,0,,0
130,13004000,ANI199,0.85,ARC4,0.1,,0,jiv,0.6,cbi,0.17,acu,0.09,ame,1,,0,,0
130,13005000,ARC1,0.81,,0,,0,spa,1,,0,,0,ssa,1,,0,,0
135,13501000,ARC1,0.91,,0,,0,quz,0.31,quy,0.15,qxp,0.08,ame,1,,0,,0
135,13502000,ARC1,0.82,,0,,0,spa,1,,0,,0,eur,0.65,ame,0.35,,0
135,13504000,ARC1,0.6,ARC4,0.2,ARC99,0.2,spa,1,,0,,0,ssa,1,,0,,0
135,13505000,ANI,0.71,ARC1,0.29,,0,cpu,0.16,agr,0.13,,0,ame,1,,0,,0
140,14001000,ARC1,0.72,ARC99,0.11,ARC4,0.08,por,1,,0,,0,eur,1,,0,,0
140,14002000,ARC1,0.72,ARC99,0.16,ARC4,0.07,por,1,,0,,0,eur,0.7,ssa,0.2,ame,0.1
140,14003000,ARC1,0.61,ARC4,0.2,ATH,0.11,por,0.51,,0,,0,ame,1,,0,,0
145,14503000,ARC1,0.55,ARC99,0.14,ARC4,0.21,que,1,,0,,0,ame,1,,0,,0
145,14504000,ARC1,0.82,ARC4,0.075,ARC99,0.047,spa,1,,0,,0,eur,0.6,ame,0.4,,0
145,14505000,ARC1,0.51,ARC99,0.28,ARC4,0.16,ayr,1,,0,,0,ame,1,,0,,0
145,14506000,ARC99,0.35,ARC1,0.28,ANI,0.18,spa,0.5,cax,0.2,gui,0.1,ame,1,,0,,0
150,15001000,ARC1,0.86,,0,,0,gug,0.9,spa,0.1,,0,eur,0.6,ame,0.4,,0
150,15005000,ARC1,0.36,ANI,0.35,ARC4,0.17,cag,0.27,gun,0.18,leg,0.16,ame,1,,0,,0
155,15501000,ARC1,0.7,ARC99,0.12,,0,spa,1,,0,,0,eur,0.7,ame,0.3,,0
155,15502000,ARC1,0.518,ANI,0.2,ARC99,0.13,spa,0.65,arn,0.35,,0,ame,1,,0,,0
155,15503000,ARC1,0.63,ANI,0.16,ARC99,0.11,ayr,0.65,spa,0.26,cqu,0.1,ame,1,,0,,0
160,16001000,ARC1,0.81,,0,,0,spa,1,,0,,0,eur,0.96,ame,0.04,,0
160,16002000,ARC1,0.53,ARC99,0.29,ANI,0.1,gug,0.33,arn,0.17,qus,0.1,ame,1,,0,,0
165,16501000,ARC1,0.55,ATH,0.28,,0,spa,1,,0,,0,eur,0.92,,0,,0
165,16502000,ARC4,0.55,ARC1,0.27,,0,spa,1,,0,,0,ssa,1,,0,,0
200,20001000,ARC5,0.47,ATH,0.39,,0,eng,1,,0,,0,eur,1,,0,,0
200,20002000,ARC4,0.52,ATH,0.4,,0,eng,1,,0,,0,eur,1,,0,,0
200,20003000,ARH,0.35,ERS,0.32,ARI1,0.27,pan,0.33,hin,0.27,ben,0.18,sas,1,,0,,0
200,20004000,ARC4,0.36,ARC99,0.29,,0,jam,1,,0,,0,ssa,1,,0,,0
200,20005000,ATH,0.4,ARC5,0.36,,0,cym,1,,0,,0,eur,1,,0,,0
200,20006000,ARC1,0.81,ATH,0.1,,0,eng,1,,0,,0,eur,1,,0,,0
200,20007000,ARC5,0.73,ARC1,0.14,,0,eng,1,,0,,0,eur,1,,0,,0
211,21101000,ARC1,0.62,ATH,0.31,,0,vls,1,,0,,0,eur,1,,0,,0
211,21102000,ARC1,0.59,ATH,0.3,,0,fra,1,,0,,0,eur,1,,0,,0
211,21103000,ARC1,0.53,ATH,0.26,,0,deu,1,,0,,0,eur,1,,0,,0
212,21201000,ARC1,0.81,ATH,0.16,,0,ltz,1,,0,,0,eur,1,,0,,0
220,22001000,ARC1,0.63,ATH,0.26,,0,fra,1,,0,,0,eur,1,,0,,0
220,22002000,ARC1,0.7,ATH,0.3,,0,eus,1,,0,,0,eur,1,,0,,0
220,22003000,ARC1,0.85,ATH,0.15,,0,cos,1,,0,,0,eur,1,,0,,0
220,22004000,ATH,0.4,ARC1,0.3,ARC4,0.13,fra,1,,0,,0,eur,0.5,sas,0.5,,0
225,22501000,ARC1,0.39,ARC4,0.33,ATH,0.17,gsw,1,,0,,0,eur,1,,0,,0
225,22502000,ARC4,0.4,ARC1,0.25,ATH,0.19,fra,1,,0,,0,eur,1,,0,,0
225,22503000,ARC1,0.79,ATH,0.19,,0,ita,1,,0,,0,eur,1,,0,,0
230,23001000,ARC1,0.75,ATH,0.22,,0,spa,1,,0,,0,eur,1,,0,,0
230,23002000,ARC1,0.8,ATH,0.18,,0,cat,1,,0,,0,eur,1,,0,,0
230,23003000,ARC1,0.77,ATH,0.18,,0,glg,1,,0,,0,eur,1,,0,,0
230,23004000,ARC1,0.83,ATH,0.15,,0,eus,1,,0,,0,eur,1,,0,,0
230,23005000,ARC1,0.66,ATH,0.18,,0,spa,1,,0,,0,eur,0.5,sas,0.5,,0
290,29001000,ARC1,0.86,ATH,0.1,,0,pol,1,,0,,0,eur,1,,0,,0
290,29002000,ATH,0.36,ARC4,0.31,ARC1,0.3,deu,1,,0,,0,eur,1,,0,,0
290,29003000,ARC2L,0.6,ATH,0.21,ARC1,0.1,ukr,1,,0,,0,eur,1,,0,,0
290,29004000,ARC2G,0.58,ATH,0.29,ARC1,0.1,bel,1,,0,,0,eur,1,,0,,0
290,29005000,ARJ,0.99,,0,,0,pol,1,,0,,0,eur,1,,0,,0
290,29006000,ARC1,0.54,ATH,0.25,,0,rmo,0.42,rml,0.37,rmc,0.14,eur,0.5,sas,0.5,,0
305,30501000,ARC1,0.72,ARC99,0.11,ATH,0.09,bar,1,,0,,0,eur,1,,0,,0
305,30502000,ARC1,0.77,ATH,0.14,,0,slv,1,,0,,0,eur,1,,0,,0
310,31001000,ARC1,0.6,ARC1,0.24,ATH,0.11,hun,1,,0,,0,eur,1,,0,,0
310,31002000,ARC4,0.56,ARC1,0.28,ARC99,0.09,hun,1,,0,,0,eur,0.5,sas,0.5,,0
315,31501000,ATH,0.71,ARC1,0.2,,0,ces,1,,0,,0,eur,1,,0,,0
315,31502000,ARC1,0.82,,0,,0,slk,1,,0,,0,eur,1,,0,,0
315,31503000,ARC1,0.62,ATH,0.09,,0,hun,1,,0,,0,eur,1,,0,,0
315,31504000,ATH,0.52,ARC1,0.36,,0,rmc,1,,0,,0,eur,0.5,sas,0.5,,0
317,31701000,ARC1,0.82,,0,,0,slk,1,,0,,0,eur,1,,0,,0
317,31702000,ARC1,0.62,ATH,0.09,,0,hun,1,,0,,0,eur,1,,0,,0
325,32501000,ARC1,0.83,ATH,0.13,,0,ita,1,,0,,0,eur,1,,0,,0
325,32502000,ARC1,0.58,ATH,0.19,,0,src,0.26,sdc,0.22,sro,0.22,eur,1,,0,,0
325,32503000,ARC1,0.7,ATH,0.17,,0,fur,1,,0,,0,eur,1,,0,,0
325,32504000,ARC1,0.56,ATH,0.17,,0,bar,1,,0,,0,eur,1,,0,,0
325,32505000,ARC1,0.57,ATH,0.39,,0,fra,1,,0,,0,eur,1,,0,,0
325,32506000,ARC1,0.56,ATH,0.3,,0,rmn,1,,0,,0,eur,0.5,sas,0.5,,0
338,33801000,ARC1,0.92,,0,,0,mlt,1,,0,,0,eur,1,,0,,0
339,33901000,ARI1,0.6,ARC2,0.2,ARC1,0.1,als,0.62,aln,0.38,,0,eur,1,,0,,0
339,33902000,ARC2A,1,,0,,0,ell,1,,0,,0,eur,1,,0,,0
339,33903000,ARC2J,1,,0,,0,mkd,1,,0,,0,eur,1,,0,,0
340,34001000,ARC2H,1,,0,,0,srp,1,,0,,0,eur,1,,0,,0
340,34002000,ARC1,0.95,,0,,0,hrv,1,,0,,0,eur,1,,0,,0
340,34004000,ARI1,0.94,,0,,0,bos,1,,0,,0,eur,1,,0,,0
340,34006000,ARI1,0.62,ARC1,0.26,,0,aln,1,,0,,0,eur,1,,0,,0
340,34009000,ARC2I,0.72,ARI1,0.15,,0,srp,1,,0,,0,eur,1,,0,,0
340,34011000,ARC1,0.58,ARC4,0.24,ATH,0.1,hun,1,,0,,0,eur,1,,0,,0
340,34012000,ARC1,0.35,ARI1,0.21,ARI1,0.14,rsb,0.5,rmn,0.41,rmo,0.09,eur,0.5,sas,0.5,,0
340,34013000,ARC2H,0.95,,0,,0,ron,1,,0,,0,eur,1,,0,,0
341,34101000,ARC2I,0.85,ATH,0.1,,0,srp,1,,0,,0,eur,1,,0,,0
341,34102000,ARC2H,0.84,ATH,0.12,,0,srp,1,,0,,0,eur,1,,0,,0
341,34103000,ARI1,1,,0,,0,bos,1,,0,,0,eur,1,,0,,0
341,34104000,ARI1,0.75,ARC1,0.25,,0,aln,1,,0,,0,eur,1,,0,,0
341,34105000,ARC1,1,,0,,0,hrv,1,,0,,0,eur,1,,0,,0
341,34106000,ARC2I,0.7,ARI1,0.3,,0,rmy,0.8,aln,0.1,srp,0.1,eur,0.5,sas,0.5,,0
343,34301000,ARC2J,1,,0,,0,mkd,1,,0,,0,eur,1,,0,,0
343,34302000,ARI1,1,,0,,0,aln,1,,0,,0,eur,1,,0,,0
343,34303000,ARI1,0.75,ARC2J,0.2,,0,rmn,0.9,mkd,0.1,,0,eur,0.5,sas,0.5,,0
343,34304000,ARC2H,1,,0,,0,srp,1,,0,,0,eur,1,,0,,0
343,34305000,ARI1,1,,0,,0,tur,1,,0,,0,eur,1,,0,,0
343,34306000,ARC2J,0.714,ATH,0.16,ARC4,0.126,rup,1,,0,,0,eur,1,,0,,0
343,34307000,ARI1,1,,0,,0,bos,1,,0,,0,eur,1,,0,,0
344,34401000,ARC1,0.93,,0,,0,hrv,1,,0,,0,eur,1,,0,,0
344,34402000,ARC2H,0.79,ATH,0.18,,0,srp,1,,0,,0,eur,1,,0,,0
344,34403000,ARI1,0.95,,0,,0,bos,1,,0,,0,eur,1,,0,,0
344,34404000,ARC1,0.83,ATH,0.17,,0,ita,1,,0,,0,eur,1,,0,,0
344,34405000,ARC1,0.7,ATH,0.1,ARI1,0.2,rmy,1,,0,,0,eur,0.5,sas,0.5,,0
344,34406000,ARC1,0.81,ATH,0.19,,0,hun,1,,0,,0,eur,1,,0,,0
345,34501000,ARC2H,1,,0,,0,srp,1,,0,,0,eur,1,,0,,0
345,34502000,ARC1,1,,0,,0,hrv,1,,0,,0,eur,1,,0,,0
345,34504000,ARI1,1,,0,,0,bos,1,,0,,0,eur,1,,0,,0
345,34506000,ARI1,0.8,ARC1,0.2,,0,aln,1,,0,,0,eur,1,,0,,0
345,34507000,ARC1,0.6,ARC4,0.1,ATH,0.3,slv,1,,0,,0,eur,1,,0,,0
345,34508000,ARC2J,1,,0,,0,mkd,1,,0,,0,eur,1,,0,,0
345,34509000,ARC2H,1,,0,,0,srp,1,,0,,0,eur,1,,0,,0
345,34511000,ARC1,0.8,ARC4,0.2,,0,hun,1,,0,,0,eur,1,,0,,0
345,34512000,ARC2H,0.33,ARI1,0.33,ARC1,0.33,rmn,0.8,rmo,0.2,,0,eur,0.5,sas,0.5,,0
346,34601000,ARI1,1,,0,,0,bos,1,,0,,0,eur,1,,0,,0
346,34602000,ARC2H,1,,0,,0,srp,1,,0,,0,eur,1,,0,,0
346,34603000,ARC1,1,,0,,0,hrv,1,,0,,0,eur,1,,0,,0
346,34604000,ARC1,0.3,ARI1,0.4,ARC2,0.3,rmy,1,,0,,0,eur,0.5,sas,0.5,,0
347,34701000,ARI1,0.7,ARC1,0.3,,0,aln,1,,0,,0,eur,1,,0,,0
347,34702000,ARC2H,0.74,ARI1,0.16,,0,srp,1,,0,,0,eur,1,,0,,0
347,34703000,ARC1,0.6,ARI1,0.4,,0,rmy,1,,0,,0,eur,0.5,sas,0.5,,0
347,34704000,ARI1,0.95,,0,,0,srp,1,,0,,0,eur,1,,0,,0
347,34705000,ARI1,1,,0,,0,tur,1,,0,,0,eur,1,,0,,0
347,34706000,ARI1,0.99,,0,,0,bos,1,,0,,0,eur,1,,0,,0
349,34901000,ARC1,0.54,ATH,0.45,,0,slv,1,,0,,0,eur,1,,0,,0
349,34905000,ARC1,0.68,ARC4,0.27,,0,hun,1,,0,,0,eur,1,,0,,0
349,34906000,ARC1,0.83,ATH,0.15,,0,ita,1,,0,,0,eur,1,,0,,0
349,34908000,ARC99,0.46,ARC4,0.28,ARC1,0.18,rmo,1,,0,,0,eur,0.5,sas,0.5,,0
350,35001000,ARC2A,0.93,,0,,0,ell,1,,0,,0,eur,1,,0,,0
350,35002000,ARI1A,0.95,,0,,0,tur,0.55,bul,0.35,als,0.1,eur,1,,0,,0
350,35003000,ARC2A,0.6,ARI1,0.15,ATH,0.15,ell,0.78,rmn,0.21,ruq,0.005,eur,0.5,sas,0.5,,0
350,35004000,ARC2J,0.62,ARI1A,0.25,ATH,0.1,mkd,1,,0,,0,eur,1,,0,,0
352,35201000,ARC2A,0.9,,0,,0,ell,1,,0,,0,eur,1,,0,,0
352,35202000,ARI1,0.995,,0,,0,tur,1,,0,,0,eur,1,,0,,0
355,35501000,ARC2K,0.95,,0,,0,bul,1,,0,,0,eur,1,,0,,0
355,35502000,ARI1,0.96,,0,,0,tur,1,,0,,0,eur,1,,0,,0
355,35503000,ARC2K,0.5,ARI1,0.3,ATH,0.16,rmn,1,,0,,0,eur,0.5,sas,0.5,,0
355,35504000,ARI1,1,,0,,0,bul,1,,0,,0,eur,1,,0,,0
355,35505000,ARC2J,0.95,,0,,0,mkd,1,,0,,0,eur,1,,0,,0
359,35901000,ARC2C,0.7,ARC2B,0.3,,0,ron,1,,0,,0,eur,1,,0,,0
359,35903000,ARC2F,0.7,ATH,0.3,,0,rus,1,,0,,0,eur,1,,0,,0
359,35904000,ARC2,0.8,,0,,0,gag,0.9,,0,,0,eur,1,,0,,0
359,35905000,ARC2K,1,,0,,0,bul,0.68,ron,0.1,rus,0.22,eur,1,,0,,0
360,36001000,ARC2B,0.94,,0,,0,ron,1,,0,,0,eur,1,,0,,0
360,36002000,ARC4,0.47,ARC1,0.41,,0,hun,1,,0,,0,eur,1,,0,,0
360,36003000,ARC2B,0.82,,0,,0,rmy,1,,0,,0,eur,0.5,sas,0.5,,0
360,36004000,ARC1,0.6,ARC4E,0.11,,0,deu,1,,0,,0,eur,1,,0,,0
365,36501000,ARC2F,0.7,ATH,0.3,,0,rus,1,,0,,0,eur,1,,0,,0
365,36502000,ARC2L,0.26,ATH,0.6,,0,ukr,0.8,rus,0.2,,0,eur,1,,0,,0
365,36503000,ARI1A,0.6,ATH,0.4,,0,tat,1,,0,,0,eur,1,,0,,0
365,36504000,ARC2G,0.48,ATH,0.41,,0,bel,0.41,rus,0.59,,0,eur,1,,0,,0
365,36505000,ARI1A,1,,0,,0,uzn,1,,0,,0,eas,0.5,eur,0.5,,0
365,36506000,ARI1A,1,,0,,0,chv,1,,0,,0,eur,1,,0,,0
365,36507000,ARI1A,0.6,ATH,0.4,,0,bak,1,,0,,0,eur,1,,0,,0
365,36508000,ARC4A,1,,0,,0,hye,1,,0,,0,eur,1,,0,,0
365,36509000,ARI2A,0.79,ARI1A,0.14,,0,azj,1,,0,,0,eur,1,,0,,0
365,36510000,ARC2E,1,,0,,0,kat,1,,0,,0,eur,1,,0,,0
365,36511000,ARJ,1,,0,,0,rus,0.8,ydd,0.1,heb,0.1,eur,1,,0,,0
365,36512000,ARI1B,1,,0,,0,kaz,1,,0,,0,eas,1,,0,,0
365,36513000,ARC1,0.8,ATH,0.1,,0,lit,1,,0,,0,eur,1,,0,,0
365,36514000,ARC2C,0.7,ARC2B,0.3,,0,ron,1,,0,,0,eur,1,,0,,0
365,36516000,ARI1B,0.88,ATH,0.12,,0,che,1,,0,,0,eur,1,,0,,0
365,36517000,ARC4,1,,0,,0,deu,0.49,rus,0.51,,0,eur,1,,0,,0
365,36518000,ARC1,1,,0,,0,pol,1,,0,,0,eur,1,,0,,0
365,36519000,ARI1A,0.95,,0,,0,tgk,1,,0,,0,eur,1,,0,,0
365,36520000,ARC2F,0.65,ATH,0.35,,0,myv,0.5,mdf,0.5,,0,eur,1,,0,,0
365,36521000,ARC4E,0.22,ARC1,0.18,ATH,0.4,lav,1,,0,,0,eur,1,,0,,0
365,36522000,ARI1,1,,0,,0,kir,1,,0,,0,eas,1,,0,,0
365,36523000,ARI1,1,,0,,0,ava,1,,0,,0,eur,1,,0,,0
365,36524000,ATH,0.5,ARC4E,0.3,,0,est,1,,0,,0,eur,1,,0,,0
365,36525000,ARI1,1,,0,,0,tuk,1,,0,,0,eas,0.5,eur,0.5,,0
365,36526000,ARI1B,0,ATH,0.3,,0,dar,1,,0,,0,eur,1,,0,,0
365,36527000,ARC2,0.7,ARI1,0.2,,0,oss,1,,0,,0,eur,1,,0,,0
365,36528000,ARI1,0.9,,0,,0,kbd,1,,0,,0,eur,1,,0,,0
365,36529000,ARC2F,0.6,ANI,0.3,,0,chm,1,,0,,0,eur,1,,0,,0
365,36530000,ARC2F,0.8,ANI,0.1,,0,udm,0.77,rus,0.23,,0,eur,1,,0,,0
365,36532000,ERB7,0.75,ANI2,0.15,,0,bxr,1,,0,,0,eas,1,,0,,0
365,36533000,ARI1B,1,,0,,0,inh,1,,0,,0,eur,1,,0,,0
365,36534000,ARI1A,1,,0,,0,kum,1,,0,,0,eur,1,,0,,0
365,36535000,ARI1B,0.95,,0,,0,lez,1,,0,,0,eur,1,,0,,0
365,36536000,ARC2F,0.6,ANI2,0.4,,0,sah,1,,0,,0,eas,1,,0,,0
365,36537000,ARC2F,0.4,ANI,0.45,ATH,0.15,kom,0.8,rus,0.1,,0,eur,1,,0,,0
365,36538000,ATH,0.4,ARC4,0.45,,0,kor,0.6,rus,0.4,,0,eas,1,,0,,0
365,36539000,ANI2,0.5,ERB7,0.5,,0,tyv,1,,0,,0,eas,1,,0,,0
365,36540000,ARI1A,1,,0,,0,ady,1,,0,,0,eur,1,,0,,0
365,36543000,ARI1D,1,,0,,0,krc,0.97,,0,,0,eur,1,,0,,0
365,36544000,ARI1A,1,,0,,0,kbd,1,,0,,0,eur,1,,0,,0
365,36546000,ARI1,0.16,ARC2,0.6,,0,abk,1,,0,,0,eur,1,,0,,0
365,36547000,ARC2F,0.4,ANI2,0.4,,0,alt,1,,0,,0,eur,1,,0,,0
365,36548000,ANI2,0.7,ARC2F,0.12,ATH,0.11,ckt,0.66,rus,0.33,,0,eas,0.5,ame,0.5,,0
365,36549000,ARI1A,1,,0,,0,crh,0.85,,0,,0,eur,1,,0,,0
365,36550000,ARC4E,1,,0,,0,fin,0.5,rus,0.5,,0,eur,1,,0,,0
365,36551000,ARC2,0.8,,0,,0,gag,0.89,,0,,0,eur,1,,0,,0
365,36552000,ARC2F,0.6,ARI1,0.4,,0,rmy,1,,0,,0,eur,0.5,sas,0.5,,0
365,36553000,ERB7,1,,0,,0,xal,1,,0,,0,eas,1,,0,,0
365,36554000,ARI1,1,,0,,0,krc,0.97,,0,,0,eur,1,,0,,0
365,36555000,ARI1A,0.78,ATH,0.22,,0,kaa,1,,0,,0,eas,1,,0,,0
365,36556000,ARC2F,0.36,ATH,0.4,ARC4E,0.12,krl,0.63,rus,0.37,,0,eur,1,,0,,0
365,36557000,ARC2F,0.5,ANI2,0.5,,0,kjh,0.26,rus,0.74,,0,eas,1,,0,,0
365,36558000,ARC2F,0.7,ANI2,0.1,,0,rus,0.25,koi,0.75,,0,eur,1,,0,,0
365,36559000,ARI1B,1,,0,,0,lbe,0.92,,0,,0,eur,1,,0,,0
365,36561000,ARI1,1,,0,,0,nog,1,,0,,0,eur,1,,0,,0
365,36563000,ARI2B,1,,0,,0,sgh,1,,0,,0,eur,1,,0,,0
365,36565000,ARI1,1,,0,,0,tab,0.96,,0,,0,eur,1,,0,,0
365,36566000,ARI1A,1,,0,,0,uig,0.86,,0,,0,eas,1,,0,,0
366,36601000,ATH,0.7,ARC4E,0.2,,0,est,1,,0,,0,eur,1,,0,,0
366,36602000,ARC2F,0.58,ATH,0.4,,0,rus,0.6,est,0.4,,0,eur,1,,0,,0
366,36603000,ARC2L,0.58,ATH,0.25,,0,ukr,1,,0,,0,eur,1,,0,,0
366,36604000,ARC2F,0.58,ATH,0.29,ARC1,0.11,bel,1,,0,,0,eur,1,,0,,0
367,36701000,ATH,0.5,ARC4E,0.23,ARC1,0.22,lav,1,,0,,0,eur,1,,0,,0
367,36702000,ARC2F,0.75,ATH,0.2,,0,rus,0.5,lav,0.5,,0,eur,1,,0,,0
367,36703000,ARC2,0.6,ATH,0.3,,0,bel,1,,0,,0,eur,1,,0,,0
367,36704000,ARC2,0.6,ATH,0.3,,0,ukr,1,,0,,0,eur,1,,0,,0
368,36801000,ARC1,0.69,ATH,0.24,,0,lit,1,,0,,0,eur,1,,0,,0
368,36802000,ARC1,0.86,ATH,0.1,,0,pol,1,,0,,0,eur,1,,0,,0
368,36803000,ARC2F,0.63,ATH,0.34,,0,rus,1,,0,,0,eur,1,,0,,0
369,36901000,ATH,0.625,ARC2L,0.16,ARC2F,0.11,ukr,0.8,rus,0.2,,0,eur,1,,0,,0
369,36902000,ATH,0.625,ARC2F,0.22,,0,rus,1,,0,,0,eur,1,,0,,0
369,36903000,ATH,0.625,ARC2L,0.16,ARC2F,0.11,ron,1,,0,,0,eur,1,,0,,0
369,36905000,ARI1,1,,0,,0,crh,1,,0,,0,eur,1,,0,,0
369,36907000,ARC1,0.54,ARC4,0.22,ATH,0.22,hun,1,,0,,0,eur,1,,0,,0
369,36908000,ARC2L,0.85,ATH,0.15,,0,rue,0.66,ukr,0.34,,0,eur,1,,0,,0
370,37001000,ARC2F,0.49,ATH,0.4,,0,rus,0.6,bel,0.4,,0,eur,1,,0,,0
370,37002000,ARC2F,0.52,ATH,0.43,,0,rus,1,,0,,0,eur,1,,0,,0
370,37003000,ARC1,0.75,ATH,0.24,,0,pol,1,,0,,0,eur,1,,0,,0
371,37101000,ARC3F,0.79,ATH,0.14,,0,hye,1,,0,,0,eur,1,,0,,0
371,37102000,ARI1,0.945,,0,,0,kmr,1,,0,,0,eur,1,,0,,0
371,37104000,ARC3D,0.87,ATH,0.12,,0,aii,1,,0,,0,eur,1,,0,,0
372,37201000,ARC2E,0.75,ATH,0.2,,0,kat,1,,0,,0,eur,1,,0,,0
372,37202000,ARC3F,0.8,ATH,0.16,,0,hye,1,,0,,0,eur,1,,0,,0
372,37205000,ARI2A,0.75,ATH,0.2,,0,azj,1,,0,,0,eur,1,,0,,0
372,37206000,ARC2E,0.45,ARI1,0.35,ATH,0.1,oss,1,,0,,0,eur,1,,0,,0
372,37207000,ARC2,0.58,ARI1,0.18,ATH,0.1,abk,1,,0,,0,eur,1,,0,,0
373,37301000,ARI2A,0.77,ATH,0.22,,0,azj,1,,0,,0,eur,1,,0,,0
373,37302000,ARI1,0.9,,0,,0,lez,1,,0,,0,eur,1,,0,,0
373,37304000,ARC3F,0.73,ATH,0.26,,0,hye,1,,0,,0,eur,1,,0,,0
373,37305000,ARI2,1,,0,,0,tly,1,,0,,0,eur,1,,0,,0
375,37501000,ARC4E,0.85,ATH,0.15,,0,fin,1,,0,,0,eur,1,,0,,0
375,37502000,ARC4E,0.75,ATH,0.25,,0,swe,1,,0,,0,eur,1,,0,,0
395,39501000,ARC4,0.86,ATH,0.08,,0,isl,1,,0,,0,eur,1,,0,,0
402,40201000,ARC1,0.96,,0,,0,kea,1,,0,,0,ssa,0.5,eur,0.5,,0
404,40401000,ANI1,0.55,ARI1,0.41,ARC1,0.04,ble,1,,0,,0,ssa,1,,0,,0
404,40403000,ANI1,0.78,ARI1,0.19,ARC1,0.02,mfv,1,,0,,0,ssa,1,,0,,0
404,40405000,ANI1,0.6,ARI1,0.26,ARC1,0.1,pbo,1,,0,,0,ssa,1,,0,,0
404,40406000,ARI1,0.42,ARC1,0.36,ARC4,0.08,pov,1,,0,,0,ssa,0.5,eur,0.5,,0
411,41101000,ARC1,0.93,,0,,0,fan,1,,0,,0,ssa,1,,0,,0
411,41102000,ARC1,0.45,ARC4,0.45,,0,nmg,0.37,nui,0.26,bnm,0.23,ssa,1,,0,,0
411,41103000,ARC1,0.87,,0,,0,bvb,1,,0,,0,ssa,1,,0,,0
411,41104000,ARC1,0.74,ARC4,0.15,,0,fpe,1,,0,,0,ssa,1,,0,,0
411,41105000,ARC1,0.8,ARC4,0.1,ARC99,0.1,fab,1,,0,,0,ssa,0.5,eur,0.5,,0
420,42001000,ARI1,0.95,ANI1,0.04,,0,mnk,1,,0,,0,ssa,1,,0,,0
420,42002000,ARI1,0.98,ANI1,0.02,,0,fuc,1,,0,,0,ssa,1,,0,,0
420,42003000,ARI1,1,,0,,0,wof,1,,0,,0,ssa,1,,0,,0
420,42004000,ARI1,0.84,ARC1,0.08,ANI1,0.08,dyo,0.92,krx,0.08,,0,ssa,1,,0,,0
420,42006000,ARC1,0.39,ARC99,0.21,ARI1,0.15,kri,1,,0,,0,ssa,0.5,eur,0.5,,0
432,43201000,ARI1,0.92,ANI1,0.06,ARC1,0.02,bam,0.24,ffm,0.09,myk,0.07,ssa,1,,0,,0
432,43202000,ARI1,1,,0,,0,taq,0.57,ttq,0.43,,0,men,0.5,ssa,0.5,,0
432,43203000,ARI1,1,,0,,0,mey,1,,0,,0,men,1,,0,,0
433,43301000,ARI1,0.99,ARC1,0.01,,0,wol,1,,0,,0,ssa,1,,0,,0
433,43302000,ARI1,1,,0,,0,fuc,0.95,fuf,0.05,,0,ssa,1,,0,,0
433,43303000,ARI1,0.78,ARC1,0.21,ANI1,0.01,srr,0.88,sav,0.09,snf,0.03,ssa,1,,0,,0
433,43304000,ARI1,0.95,ANI1,0.04,ARC1,0.01,mnk,0.73,snk,0.27,,0,ssa,1,,0,,0
433,43305000,ARI1,0.63,ANI1,0.22,ARC1,0.15,dyo,0.63,csk,0.12,bda,0.04,ssa,1,,0,,0
434,43401000,ARC1,0.47,ANI1,0.25,ARC99,0.11,fon,1,,0,,0,ssa,1,,0,,0
434,43402000,ARC1,0.45,ANI1,0.21,ARC99,0.21,yor,0.45,guw,0.31,nqg,0.19,ssa,1,,0,,0
434,43403000,ARI1,0.72,ANI1,0.17,ARC1,0.07,bba,0.42,fue,0.25,tbz,0.11,ssa,1,,0,,0
434,43404000,ARC1,0.27,ANI1,0.3,ARI1,0.24,ajg,1,,0,,0,ssa,1,,0,,0
435,43501000,ARI1C,0.99,,0,,0,mey,1,,0,,0,men,0.5,ssa,0.5,,0
435,43502000,ARI1C,0.99,,0,,0,mey,1,,0,,0,ssa,0.5,ssa,0.5,,0
435,43503000,ARI1,0.96,,0,,0,fuc,0.49,taq,0.19,snk,0.1,ssa,0,,0,,0
435,43504000,ARI1,1,,0,,0,ary,1,,0,,0,men,1,,0,,0
436,43601000,ARI1,0.95,ARI2,0.05,,0,dje,1,,0,,0,ssa,1,,0,,0
436,43602000,ARI1,0.91,ARI2,0.05,ANI1,0.04,hau,1,,0,,0,ssa,1,,0,,0
436,43603000,ARI1,0.95,ARI2,0.05,,0,kby,0.67,knc,0.19,krt,0.1,ssa,1,,0,,0
436,43605000,ARI1,0.95,ARI2,0.05,,0,dzg,0.83,tuq,0.17,,0,ssa,1,,0,,0
436,43606000,ARI1,1,,0,,0,ttq,0.62,thz,0.35,thv,0.03,ssa,1,,0,,0
437,43701000,ARC1,0.3,ARI1C,0.23,ARC4,0.17,bci,1,,0,,0,ssa,1,,0,,0
437,43702000,ARC1,0.16,ARC4,0.12,ANI1,0.08,gxx,0.23,wob,0.12,btg,0.12,ssa,1,,0,,0
437,43703000,ARI1C,0.7,ANI1,0.1,,0,sef,0.37,dyu,0.08,mxx,0.07,ssa,1,,0,,0
437,43704000,ARC1,0.23,ANI1,0.19,ARC4,0.15,any,0.3,ati,0.19,mtb,0.15,ssa,1,,0,,0
437,43705000,ANI1,0.3,ARC1,0.11,ARC4,0.06,daf,0.62,goa,0.26,neb,0.03,ssa,1,,0,,0
438,43801000,ARI1,0.97,ANI1,0.03,,0,emk,0.9,mku,0.06,msc,0.04,ssa,1,,0,,0
438,43802000,ARI1,1,,0,,0,fuf,0.99,fuc,0.01,,0,ssa,1,,0,,0
438,43803000,ARI1,0.96,ANI1,0.04,,0,sus,1,,0,,0,ssa,1,,0,,0
450,45001000,ARC4,0.7,ARC99,0.14,ARC1,0.09,lir,1,,0,,0,ssa,0.5,eur,0.5,,0
450,45003000,ANI1,0.51,ARC4,0.16,ARI1,0.12,xpe,0.44,daf,0.17,mev,0.15,ssa,1,,0,,0
450,45003020,ANI1,0.73,ARC1,0.18,ARC4,0.05,daf,1,,0,,0,ssa,1,,0,,0
450,45003050,ANI1,0.57,ARC4,0.17,ARC1,0.16,kqo,0.5,krw,0.5,,0,ssa,1,,0,,0
450,45003060,ARC1,0.4,ARC4,0.2,ANI1,0.2,klu,1,,0,,0,ssa,1,,0,,0
450,45003070,ARI1,1,,0,,0,mzj,1,,0,,0,ssa,1,,0,,0
450,45003080,ANI1,0.92,ARC99,0.04,ARC4,0.02,mev,1,,0,,0,ssa,1,,0,,0
451,45101000,ARC4,0.27,ANI1,0.26,ARI1,0.23,kri,1,,0,,0,ssa,0.5,eur,0.5,,0
451,45102000,ANI1,0.78,ARI1,0.1,ARC4,0.07,kno,1,,0,,0,ssa,1,,0,,0
451,45104000,ARI1,0.75,ANI1,0.1,ARC4,0.08,men,1,,0,,0,ssa,1,,0,,0
451,45105000,ARI1,0.74,ANI1,0.18,ARC4,0.04,tem,0.79,lia,0.21,,0,ssa,1,,0,,0
451,45105030,ARI1,0.62,ANI1,0.24,ARC4,0.1,lia,1,,0,,0,ssa,1,,0,,0
451,45105060,ARI1,0.77,ANI1,0.16,ARC4,0.02,tem,1,,0,,0,ssa,1,,0,,0
452,45201000,ARI1C,0.29,ARC4,0.28,ARC99,0.28,aka,1,,0,,0,ssa,1,,0,,0
452,45202000,ARC4,0.42,ARC99,0.33,ARC1,0.19,ewe,1,,0,,0,ssa,1,,0,,0
452,45203000,ARC99,0.46,ARC4,0.28,ARC1,0.18,gaa,1,,0,,0,ssa,1,,0,,0
452,45206000,ARI1C,0.32,ARC1,0.25,ANI1,0.24,gur,0.21,dag,0.2,dga,0.18,ssa,1,,0,,0
452,45207000,ARI1C,0.38,ARC4,0.28,ARC99,0.19,aka,0.8,abr,0.15,wss,0.05,ssa,1,,0,,0
461,46101000,ARC1,0.48,ANI1,0.28,ARC4,0.18,ewe,0.52,wci,0.22,gej,0.12,ssa,1,,0,,0
461,46102000,ANI1,0.64,ARC4,0.19,ARC1,0.17,kbp,0.7,nmz,0.15,las,0.12,ssa,1,,0,,0
471,47101000,ARC99,0.28,ARC1,0.25,ANI,0.24,bbj,0.34,ybb,0.2,byv,0.14,ssa,1,,0,,0
471,47102000,ARC99,0.4,ARC4,0.27,ANI,0.22,bas,0.72,dua,0.28,,0,ssa,1,,0,,0
471,47103000,ARC99,0.3,ARC1,0.29,ANI,0.28,ewo,0.45,btb,0.28,bum,0.27,ssa,1,,0,,0
471,47104000,ARI1,0.96,,0,,0,fub,0.38,bax,0.1,maf,0.07,ssa,1,,0,,0
471,47105000,ARC99,0.26,ARC1,0.24,ANI,0.23,wes,0.5,bkm,0.12,lns,0.11,ssa,1,,0,,0
471,47106000,ARC1,0.29,ARC99,0.26,ANI,0.21,wes,0.5,bss,0.09,bdu,0.09,ssa,1,,0,,0
475,47501000,ARI1C,1,,0,,0,hau,0.67,fub,0.27,fuv,0.06,ssa,1,,0,,0
475,47502000,ARC4,0.4,ARC99,0.3,ARC5,0.3,ibo,1,,0,,0,ssa,1,,0,,0
475,47503000,ARC4,0.57,ARC99,0.28,ARC1,0.14,ijc,0.93,ijs,0.07,,0,ssa,1,,0,,0
475,47504000,ARC5,0.67,ARC4,0.14,ARC99,0.14,tkq,0.46,ogo,0.3,gkn,0.15,ssa,1,,0,,0
475,47505000,ARC99,0.9,ARC4,0.05,ARC1,0.05,tiv,1,,0,,0,ssa,1,,0,,0
475,47506000,ARI1C,0.36,ARC5,0.31,ARC99,0.17,yor,1,,0,,0,ssa,1,,0,,0
481,48101000,ARC1,0.63,ARC4,0.14,ARC99,0.14,swj,1,,0,,0,ssa,1,,0,,0
481,48103000,ARC1,0.45,ARC4,0.21,ARC99,0.16,fan,1,,0,,0,ssa,1,,0,,0
481,48104000,ARC1,1,,0,,0,mdt,0.65,mbm,0.14,kzo,0.09,ssa,1,,0,,0
481,48105000,ARC1,0.47,ARC99,0.21,ARC4,0.17,mye,1,,0,,0,ssa,1,,0,,0
481,48105010,ARC1,0.47,ARC99,0.21,ARC4,0.17,mye,1,,0,,0,ssa,1,,0,,0
481,48105020,ARC1,0.47,ARC99,0.21,ARC4,0.17,mye,1,,0,,0,ssa,1,,0,,0
482,48205000,ARC4,0.41,ARC99,0.28,ARC1,0.19,mzv,0.17,gya,0.15,liy,0.14,ssa,1,,0,,0
482,48205020,ARC4,0.558,ARC99,0.14,,0,gya,1,,0,,0,ssa,1,,0,,0
482,48205030,ARC1,0.38,ARC4,0.2,ARI,0.19,lyi,0.26,bpd,0.14,bjo,0.13,ssa,1,,0,,0
482,48205070,ANI,0.28,ARC4,0.22,ARC1,0.13,sbz,1,,0,,0,ssa,1,,0,,0
482,48205080,ARI1,0.99,,0,,0,fub,0.78,fui,0.22,,0,ssa,1,,0,,0
482,48205090,ARI,0.65,ANI,0.2,ARC,0.15,kcm,1,,0,,0,ssa,1,,0,,0
482,48206000,ARC99,0.42,ARC1,0.24,ANI,0.16,yky,0.48,nbm,0.44,gbg,0.07,ssa,1,,0,,0
482,48206040,ARC1,0.3,ARC99,0.3,ARC4,0.15,nbm,1,,0,,0,ssa,1,,0,,0
482,48206080,ANI,0.26,ARC1,0.21,ARC99,0.175,yky,1,,0,,0,ssa,1,,0,,0
483,48301000,ARI1,1,,0,,0,shu,1,,0,,0,men,1,,0,,0
483,48302000,ARI1,1,,0,,0,zag,0.25,daa,0.22,kyq,0.21,ssa,1,,0,,0
483,48302100,ARI,1,,0,,0,daa,0.35,kyq,0.33,bid,0.18,ssa,1,,0,,0
483,48302200,ARI1,1,,0,,0,zag,1,,0,,0,ssa,1,,0,,0
483,48304000,ARC4,1,,0,,0,sba,1,,0,,0,ssa,1,,0,,0
483,48306000,ARI1,1,,0,,0,dzg,1,,0,,0,ssa,1,,0,,0
484,48402000,ARC1,0.57,,0,,0,tyi,0.25,nzu,0.19,,0,ssa,1,,0,,0
484,48403000,ARC1,0.47,ARC4,0.24,ARC99,0.18,bmb,1,,0,,0,ssa,1,,0,,0
484,48405000,ARC1,0.41,ARC4,0.19,,0,ldi,0.7,kng,0.3,,0,ssa,1,,0,,0
484,48405010,ARC1,0.49,ARC99,0.17,,0,kng,1,,0,,0,ssa,1,,0,,0
484,48405040,ARC1,0.37,ARC4,0.27,,0,ldi,1,,0,,0,ssa,1,,0,,0
484,48406000,ARC1,0.5,ARC99,0.36,,0,mdw,0.75,koh,0.25,,0,ssa,1,,0,,0
484,48406050,ARC1,0.57,ARC99,0.28,,0,koh,1,,0,,0,ssa,1,,0,,0
484,48406070,ARC1,0.47,ARC99,0.38,,0,mdw,1,,0,,0,ssa,1,,0,,0
484,48410000,ARC1,0.46,ANI,0.22,ARC99,0.195,vif,1,,0,,0,ssa,1,,0,,0
490,49001000,ARC1,0.39,ARC4,0.32,ARC99,0.24,zne,0.53,mdj,0.46,,0,ssa,1,,0,,0
490,49002000,ARC1,0.57,ARC4,0.25,,0,zmz,1,,0,,0,ssa,1,,0,,0
490,49003000,ARC99,0.37,ARC1,0.26,ARC4,0.19,ktu,0.77,kng,0.16,kwy,0.07,ssa,1,,0,,0
490,49004000,ARC1,0.46,ARC99,0.29,ARC4,0.18,lol,1,,0,,0,ssa,1,,0,,0
490,49005000,ARC99,0.3,ARC1,0.28,ARC4,0.22,lua,0.72,lub,0.26,hem,0.02,ssa,1,,0,,0
490,49006000,ARC1,0.5,ARC4,0.3,ARC99,0.15,nga,1,,0,,0,ssa,1,,0,,0
490,49007000,ARC99,0.3,ARC1,0.28,ARC4,0.22,lua,0.72,lub,0.26,hem,0.02,ssa,1,,0,,0
490,49008000,ARC1,0.6,ARC4,0.25,ARC99,0.1,ngb,0.64,nbw,0.34,,0,ssa,1,,0,,0
490,49009000,ARC99,0.3,ARC1,0.28,ARC4,0.22,lua,1,,0,,0,ssa,1,,0,,0
490,49010000,ARC1,0.44,ARC4,0.24,ARC99,0.16,tbt,1,,0,,0,ssa,1,,0,,0
490,49011000,ARC1,0.64,ARC99,0.16,ARC4,0.15,lun,1,,0,,0,ssa,1,,0,,0
490,49012000,ARC1,0.43,ARC4,0.24,ARC99,0.23,tll,1,,0,,0,ssa,1,,0,,0
490,49013000,ARC5,0.31,ARC1,0.24,ARC4,0.21,kin,1,,0,,0,ssa,1,,0,,0
500,50001000,ERH,0.88,ARI1,0.12,,0,hin,1,,0,,0,sas,1,,0,,0
500,50002000,ARC1,0.4,ARI1,0.31,ARC5,0.2,lug,1,,0,,0,ssa,1,,0,,0
500,50004000,ARC1,0.44,ARC5,0.25,ARI1,0.15,xog,1,,0,,0,ssa,1,,0,,0
500,50007000,ANI,0.8,ARC1,0.13,,0,kdj,1,,0,,0,ssa,1,,0,,0
500,50009000,ARC1,0.48,ARC5,0.22,,0,teo,0.47,keo,0.18,luc,0.1,ssa,1,,0,,0
500,50009100,ARC1,0.42,ARC5,0.19,,0,keo,0.34,luc,0.18,lgg,0.16,ssa,1,,0,,0
500,50009110,ARC1,0.43,ARC5,0.18,ANI,0.07,keo,0.39,luc,0.2,lgg,0.18,ssa,1,,0,,0
500,50009111,ARC1,0.43,ARC5,0.3,ARC4,0.08,luc,0.33,lgg,0.3,alz,0.24,ssa,1,,0,,0
500,50009112,ARC1,0.38,ANI,0.17,ARI1,0.13,keo,1,,0,,0,ssa,1,,0,,0
500,50009120,ARC1,0.5,ARC5,0.23,ARC99,0.11,laj,0.56,ach,0.44,,0,ssa,1,,0,,0
500,50009200,ARC1,0.54,ARC5,0.25,,0,teo,0.89,laj,0.06,ach,0.05,ssa,1,,0,,0
500,50009210,ARC1,0.54,ARC5,0.25,,0,teo,1,,0,,0,ssa,1,,0,,0
500,50011000,ARC5,0.42,ARC1,0.35,ARC4,0.08,nyn,0.4,kin,0.3,ttj,0.16,ssa,1,,0,,0
500,50011030,ARC1,0.48,ARC5,0.29,,0,kin,1,,0,,0,ssa,1,,0,,0
500,50011090,ARC5,0.47,ARC1,0.29,ARC4,0.11,nyn,0.57,ttj,0.22,nyo,0.21,ssa,1,,0,,0
501,50101000,ARC4,0.4,ANI,0.24,ARC99,0.15,scg,0.3,tuv,0.15,niq,0.14,ssa,1,,0,,0
501,50102000,ARC99,0.34,ARC4,0.294,ARC5,0.196,kam,1,,0,,0,ssa,1,,0,,0
501,50103000,ARC4,0.32,ARC99,0.31,ARC5,0.16,kik,0.8,mer,0.17,ebu,0.03,ssa,1,,0,,0
501,50104000,ARC4,0.7,ARC1,0.15,ARC99,0.15,guz,1,,0,,0,ssa,1,,0,,0
501,50105000,ARC4,0.5,ARC1,0.25,ARC99,0.25,bxk,0.3,rag,0.13,nyd,0.07,ssa,1,,0,,0
501,50106000,ARC99,0.35,ARC4,0.3,ARC5,0.2,luo,1,,0,,0,ssa,1,,0,,0
501,50107000,ARC4,0.22,ARC5,0.18,ANI,0.15,nyf,0.4,dug,0.2,dig,0.12,ssa,1,,0,,0
501,50108000,ARI1,0.92,ARC99,0.04,,0,som,1,,0,,0,ssa,1,,0,,0
510,51001000,ARC1,0.39,ANI,0.32,ARI1,0.27,suk,0.5,gog,0.2,hay,0.1,ssa,1,,0,,0
510,51001010,ARC1,0.4,ANI1,0.24,ARC4,0.24,suk,0.18,gog,0.057,hay,0.046,ssa,1,,0,,0
510,51001020,ARI1,1,,0,,0,swh,0.35,suk,0.062,kde,0.054,ssa,1,,0,,0
510,51002000,ARI1,1,,0,,0,swh,1,,0,,0,ssa,1,,0,,0
510,51003000,ARI1,0.95,ARC1,0.05,,0,swh,1,,0,,0,men,1,,0,,0
510,51004000,ANI,0.65,ARC4,0.21,,0,mas,1,,0,,0,ssa,1,,0,,0
511,51101000,ARI1,1,,0,,0,swh,1,,0,,0,ssa,1,,0,,0
511,51102000,ARI1,0.95,ARC1,0.05,,0,swh,1,,0,,0,men,1,,0,,0
516,51601000,ARC1,1,,0,,0,run,1,,0,,0,ssa,1,,0,,0
516,51602000,ARC1,1,,0,,0,run,1,,0,,0,ssa,1,,0,,0
517,51701000,ARC1,0.45,ARC4,0.34,ARC5,0.09,kin,1,,0,,0,ssa,1,,0,,0
517,51702000,ARC1,0.66,ARC5,0.24,,0,kin,1,,0,,0,ssa,1,,0,,0
522,52201000,ARI1,0.99,,0,,0,som,1,,0,,0,ssa,1,,0,,0
522,52202000,ARI1,0.99,,0,,0,aar,1,,0,,0,ssa,1,,0,,0
530,53001000,ARI1,0.99,,0,,0,aar,1,,0,,0,ssa,1,,0,,0
530,53002000,ARC3B,0.57,ARC4,0.22,ARI1,0.15,amh,1,,0,,0,ssa,1,,0,,0
530,53003000,ANI,0.54,ARC3B,0.25,,0,guk,1,,0,,0,ssa,1,,0,,0
530,53005000,ARI1,0.97,,0,,0,har,1,,0,,0,ssa,1,,0,,0
530,53006000,ARI1,0.39,ARC3B,0.27,ANI,0.14,gaz,0.83,hae,0.17,,0,ssa,1,,0,,0
530,53007000,ARC4,0.45,ARC3B,0.24,ARI1,0.15,sid,0.19,wal,0.11,hdy,0.08,ssa,1,,0,,0
530,53008000,ARI1,0.99,,0,,0,som,1,,0,,0,ssa,1,,0,,0
530,53009000,ARC3B,0.81,,0,,0,tir,1,,0,,0,ssa,1,,0,,0
530,53010000,ARC3C,0.77,ARC1,0.09,ARC99,0.09,tir,1,,0,,0,ssa,1,,0,,0
530,53011000,ARI1,0.93,,0,,0,tig,0.51,ssy,0.09,bej,0.09,ssa,1,,0,,0
530,53012000,ARC3B,0.59,ARC4,0.17,ANI1,0.16,anu,1,,0,,0,ssa,1,,0,,0
530,53013000,ARC4,0.67,ANI1,0.15,ARI,0.08,sid,1,,0,,0,ssa,1,,0,,0
531,53101000,ARC3C,0.77,ARC1,0.09,ARC99,0.09,tir,1,,0,,0,ssa,1,,0,,0
531,53102000,ARI1,0.99,ANI,0.02,,0,tig,0.51,ssy,0.09,bej,0.09,ssa,1,,0,,0
531,53102100,ARI1,0.99,,0,,0,tig,0.53,ssy,0.09,bej,0.09,ssa,1,,0,,0
531,53102200,ANI,0.4,ARI1,0.35,ARC3C,0.2,kun,1,,0,,0,ssa,1,,0,,0
531,53102300,ARI,0.65,ARC3B,0.2,,0,ssy,1,,0,,0,ssa,1,,0,,0
531,53103000,ARI1,0.99,,0,,0,aar,1,,0,,0,ssa,1,,0,,0
540,54001000,ARC1,0.53,ARC4,0.25,,0,kng,1,,0,,0,ssa,1,,0,,0
540,54002000,ARC1,0.72,ARC3,0.14,ANI,0.1,yom,1,,0,,0,ssa,1,,0,,0
540,54003000,ARC4,0.46,ARC1,0.32,ANI,0.13,cjk,0.72,lun,0.28,,0,ssa,1,,0,,0
540,54004000,ARC1,0.74,ARC4,0.09,ARC99,0.09,kmb,1,,0,,0,ssa,1,,0,,0
540,54005000,ARC1,0.61,ARC99,0.16,ARC4,0.14,umb,0.9,kua,0.1,,0,ssa,1,,0,,0
541,54101000,ARI1,0.81,ARC5,0.06,ANI,0.05,yao,0.58,kde,0.42,,0,ssa,1,,0,,0
541,54103000,ANI,0.49,ARC1,0.225,ARC99,0.16,ndc,1,,0,,0,ssa,1,,0,,0
541,54104000,ARC1,0.29,ARC99,0.19,ARC4,0.17,tso,0.76,cce,0.23,,0,ssa,1,,0,,0
551,55101000,ARC4,0.44,ARC1,0.33,,0,bem,1,,0,,0,ssa,1,,0,,0
551,55102000,ARC4,0.44,ARC1,0.33,,0,kqn,1,,0,,0,ssa,1,,0,,0
551,55103000,ARC4,0.44,ARC1,0.33,,0,loz,1,,0,,0,ssa,1,,0,,0
551,55104000,ARC4,0.44,ARC1,0.33,,0,lun,1,,0,,0,ssa,1,,0,,0
551,55105000,ARC4,0.44,ARC1,0.33,,0,lue,1,,0,,0,ssa,1,,0,,0
551,55106000,ARC4,0.44,ARC1,0.33,,0,nya,1,,0,,0,ssa,1,,0,,0
551,55107000,ARC4,0.85,ANI,0.15,,0,toi,0.85,leh,0.1,ilb,0.05,ssa,1,,0,,0
552,55201000,ARC99,0.46,ARC4,0.22,ANI,0.14,sna,0.63,nde,0.21,mxc,0.13,ssa,1,,0,,0
552,55201100,ARC99,0.43,ARC4,0.18,ARC1,0.12,nde,1,,0,,0,ssa,1,,0,,0
552,55201200,ARC99,0.46,ARC4,0.23,ANI,0.18,sna,0.79,mxc,0.17,ndc,0.04,ssa,1,,0,,0
552,55201210,ANI,0.55,ARC99,0.27,ARC1,0.18,ndc,1,,0,,0,ssa,1,,0,,0
552,55201220,ARC99,0.48,ARC4,0.25,ANI,0.17,sna,0.82,mxc,0.18,,0,ssa,1,,0,,0
552,55201221,ARC99,0.375,ANI,0.25,ARC4,0.225,mxc,1,,0,,0,ssa,1,,0,,0
552,55201222,ARC99,0.5,ARC4,0.25,ANI,0.15,sna,1,,0,,0,ssa,1,,0,,0
552,55202000,ARC1,0.59,ARC4,0.17,ANI,0.1,eng,1,,0,,0,eur,1,,0,,0
553,55301000,ARC1,0.41,ARI1,0.24,ARC4,0.22,nya,0.53,yao,0.38,lon,0.09,ssa,1,,0,,0
553,55302000,ARC1,0.39,ARC4,0.2,ARI1,0.15,nya,1,,0,,0,ssa,1,,0,,0
553,55303000,ARC4,0.77,ARC1,0.19,ARC99,0.03,tum,0.65,nyy,0.24,tog,0.11,ssa,1,,0,,0
560,56001000,ARC4,0.76,ATH,0.11,,0,afr,1,,0,,0,eur,1,,0,,0
560,56002000,ERH,0.83,ARI1,0.17,,0,tam,0.3,hin,0.27,eng,0.26,sas,1,,0,,0
560,56003000,ARC4,0.65,ARC1,0.164,ANI,0.1,afr,1,,0,,0,eur,0.5,ssa,0.5,,0
560,56004000,ARC4,0.92,,0,,0,eng,1,,0,,0,eur,1,,0,,0
560,56005000,ARC99,0.44,ARC4,0.18,ANI,0.13,zul,0.3,xho,0.24,nso,0.12,ssa,1,,0,,0
560,56005100,ARC99,0.49,ARC4,0.24,ATH,0.19,zul,1,,0,,0,ssa,1,,0,,0
560,56005200,ARC99,0.53,ANI,0.2,ARC4,0.19,xho,1,,0,,0,ssa,1,,0,,0
560,56005310,ARC99,0.62,ARC4,0.12,ANI,0.12,nso,1,,0,,0,ssa,1,,0,,0
560,56005320,ARC1,0.41,ARC99,0.21,ARC4,0.21,sot,1,,0,,0,ssa,1,,0,,0
560,56005400,ARC99,0.49,ANI,0.24,ARC4,0.16,tsn,1,,0,,0,ssa,1,,0,,0
560,56005500,ARC1,0.48,ANI,0.3,ARC99,0.14,tso,1,,0,,0,ssa,1,,0,,0
560,56005600,ARC1,0.38,ANI,0.25,ARC99,0.23,ssw,1,,0,,0,ssa,1,,0,,0
560,56005700,ANI,0.6,ARC4,0.2,ARC99,0.12,ven,1,,0,,0,ssa,1,,0,,0
560,56005800,ARC1,0.56,ANI,0.18,ARC4,0.16,nbl,1,,0,,0,ssa,1,,0,,0
560,56005900,ARC99,0.74,ANI,0.24,,0,naq,0.53,xuu,0.13,,0,ssa,1,,0,,0
565,56501000,ARC4,0.63,ARC99,0.09,,0,afr,1,,0,,0,ssa,1,,0,,0
565,56502000,ANI,0.6,ARC4,0.28,,0,sbs,1,,0,,0,ssa,1,,0,,0
565,56503000,ARC4,0.57,ARC1,0.19,ARC99,0.19,afr,1,,0,,0,ssa,1,,0,,0
565,56504000,ARC4,0.61,ARC1,0.17,,0,naq,1,,0,,0,ssa,1,,0,,0
565,56505000,ARC4,0.38,ARC99,0.34,,0,her,1,,0,,0,ssa,1,,0,,0
565,56506000,ARC1,0.49,ARC4,0.31,,0,kwn,1,,0,,0,ssa,1,,0,,0
565,56507000,ARC4,0.54,ARC1,0.27,,0,fwe,1,,0,,0,ssa,1,,0,,0
565,56508000,ARC4,0.61,ARC1,0.17,,0,naq,1,,0,,0,ssa,1,,0,,0
565,56509000,ARC4,0.73,ARC1,0.14,,0,ndo,1,,0,,0,ssa,1,,0,,0
565,56510000,ARC4,0.4,ANI,0.35,ARC1,0.08,naq,0.45,vaj,0.42,hgm,0.13,ssa,1,,0,,0
565,56511000,ARC4,0.74,,0,,0,afr,1,,0,,0,eur,1,,0,,0
565,56512000,ARC5,0.49,ANI,0.27,,0,dhm,1,,0,,0,ssa,1,,0,,0
571,57101000,ARC99,0.36,ANI,0.23,ARC99,0.11,tsn,1,,0,,0,ssa,1,,0,,0
571,57102000,ARC99,0.3,ARC4,0.28,ANI,0.25,kck,1,,0,,0,ssa,1,,0,,0
571,57103000,ANI,0.68,ARC4,0.12,ARC1,0.09,xkv,1,,0,,0,ssa,1,,0,,0
571,57104000,ARC99,0.56,ANI,0.2,ARC4,0.12,her,1,,0,,0,ssa,1,,0,,0
571,57105000,ARC4,0.92,,0,,0,afr,1,,0,,0,eur,1,,0,,0
571,57106000,ANI,0.8,ARC99,0.1,ARC4,0.1,yey,1,,0,,0,ssa,1,,0,,0
571,57107000,ANI,0.6,ARC1,0.2,ARC4,0.13,mhw,1,,0,,0,ssa,1,,0,,0
571,57108000,ANI,0.66,ARC99,0.17,ARC4,0.14,brl,1,,0,,0,ssa,1,,0,,0
571,57109000,ARC99,0.78,ANI,0.14,,0,two,1,,0,,0,ssa,1,,0,,0
571,57111000,ANI,0.9,,0,,0,hgm,1,,0,,0,ssa,1,,0,,0
580,58001000,ANI,0.56,ARC1,0.19,ARC4,0.16,bjq,0.22,skg,0.14,plt,0.13,ssa,0.6,oce,0.4,,0
580,58002000,ARC4,0.34,ARC1,0.31,ANI,0.17,plt,0.78,xmw,0.15,bhr,0.07,oce,0.6,ssa,0.4,,0
581,58101000,ARI1,0.99,,0,,0,wni,1,,0,,0,ssa,0.8,sas,0.2,,0
581,58102000,ARI1,1,,0,,0,wlc,1,,0,,0,ssa,0.8,sas,0.2,,0
581,58103000,ARI1,0.99,,0,,0,zdj,1,,0,,0,ssa,0.8,sas,0.2,,0
590,59001000,ERH,1,,0,,0,bho,0.53,mfe,0.25,tam,0.06,sas,1,,0,,0
590,59001100,ERH,1,,0,,0,hin,1,,0,,0,sas,1,,0,,0
590,59001200,ERH,0.99,,0,,0,mar,1,,0,,0,sas,1,,0,,0
590,59001300,ERH,0.87,,0,,0,tam,0.7,tel,0.3,,0,sas,1,,0,,0
590,59002000,ARI1,1,,0,,0,mfe,0.65,urd,0.19,bho,0.08,sas,0.67,eur,0.32,eas,0.01
590,59003000,ARC,1,,0,,0,mfe,1,,0,,0,ssa,0.5,eur,0.5,,0
590,59003100,ARC,1,,0,,0,mfe,1,,0,,0,ssa,0.5,eur,0.5,,0
590,59003200,ARC1,1,,0,,0,mfe,1,,0,,0,ssa,0.5,eur,0.5,,0
590,59004000,ARC1,0.73,ARC4,0.18,,0,mfe,1,,0,,0,eur,1,,0,,0
600,60001000,ARI1,0.99,,0,,0,shi,0.46,tzm,0.32,rif,0.22,men,1,,0,,0
600,60002000,ARI1,0.99,,0,,0,ary,1,,0,,0,men,1,,0,,0
600,60003000,ARI1,1,,0,,0,ary,1,,0,,0,men,1,,0,,0
615,61501000,ARI1,1,,0,,0,arq,1,,0,,0,men,1,,0,,0
615,61502000,ARI1,1,,0,,0,kab,0.56,tzm,0.25,rif,0.12,men,1,,0,,0
620,62001000,ARI1,0.98,,0,,0,ayl,1,,0,,0,men,1,,0,,0
620,62002000,ARI1,1,,0,,0,tuq,1,,0,,0,ssa,1,,0,,0
620,62004000,ARJ,1,,0,,0,yud,1,,0,,0,men,1,,0,,0
620,62005000,ARI1,1,,0,,0,ayl,1,,0,,0,men,1,,0,,0
620,62006000,ARI1,1,,0,,0,thv,1,,0,,0,men,1,,0,,0
625,62501000,ARC4,0.95,,0,,0,zne,1,,0,,0,ssa,1,,0,,0
625,62502000,ARC1,0.35,ARC4,0.35,ANI,0.3,bfa,1,,0,,0,ssa,1,,0,,0
625,62503000,ARI1,0.95,,0,,0,bej,1,,0,,0,ssa,1,,0,,0
625,62504000,ANI,0.99,,0,,0,dik,0.59,dks,0.21,dip,0.19,ssa,1,,0,,0
625,62505000,ARI1,0.99,,0,,0,fvr,1,,0,,0,ssa,1,,0,,0
625,62506000,ANI,0.95,,0,,0,lot,1,,0,,0,ssa,1,,0,,0
625,62507000,ARC,0.7,,0,,0,otr,1,,0,,0,ssa,1,,0,,0
625,62508000,ANI,0.95,,0,,0,nus,1,,0,,0,ssa,1,,0,,0
625,62509000,ARI1,0.95,,0,,0,apd,1,,0,,0,men,1,,0,,0
625,62510000,ARI1,0.95,,0,,0,hau,0.19,knc,0.09,kzh,0.07,men,0.6,ssa,0.4,,0
625,62511000,ANI,0.9,ARC1,0.1,,0,toq,0.09,lwo,0.07,mqu,0.07,ssa,1,,0,,0
625,62512000,ARI1,0.96,,0,,0,apd,1,,0,,0,men,1,,0,,0
625,62513000,ANI,0.95,,0,,0,shk,1,,0,,0,ssa,1,,0,,0
625,62514000,ARI1,0.95,,0,,0,mls,1,,0,,0,ssa,1,,0,,0
625,62515000,ARI1,0.95,,0,,0,zag,0.65,apd,0.35,,0,ssa,1,,0,,0
625,62516000,ARI1,0.95,,0,,0,apd,1,,0,,0,men,1,,0,,0
626,62601000,ARC1,0.55,ARC5,0.2,ANI1,0.15,zne,1,,0,,0,ssa,1,,0,,0
626,62602000,ARC1,0.71,ARC5,0.11,,0,bfa,1,,0,,0,ssa,1,,0,,0
626,62604000,ARC1,0.52,ANI1,0.18,ARC4,0.13,dik,0.59,dip,0.17,dib,0.15,ssa,1,,0,,0
626,62608000,ANI1,0.7,ARC4,0.2,,0,nus,1,,0,,0,ssa,1,,0,,0
626,62613000,ANI1,0.55,ARC4,0.36,,0,shk,1,,0,,0,ssa,1,,0,,0
626,62617000,ANI1,0.9,ARC,0.1,,0,mur,1,,0,,0,ssa,1,,0,,0
626,62618000,ARC1,0.41,ARC4,0.23,ARC5,0.18,tog,1,,0,,0,ssa,1,,0,,0
626,62619000,ANI1,0.85,ARC4,0.12,,0,anu,1,,0,,0,ssa,1,,0,,0
626,62620000,ARC1,0.3,ANI1,0.25,ARC4,0.23,mqu,1,,0,,0,ssa,1,,0,,0
626,62621000,ANI1,0.82,ARC,0.18,,0,did,1,,0,,0,ssa,1,,0,,0
630,63001000,ARI2,0.9,ARI1,0.1,,0,acm,1,,0,,0,men,1,,0,,0
630,63002000,ARC3F,0.85,,0,,0,hye,1,,0,,0,men,1,,0,,0
630,63003000,ARC3D,1,,0,,0,aii,1,,0,,0,men,1,,0,,0
630,63004000,ARI2,0.99,,0,,0,azb,1,,0,,0,men,1,,0,,0
630,63005000,BAH,1,,0,,0,pes,1,,0,,0,men,1,,0,,0
630,63006000,ARI1,0.99,,0,,0,bgn,0.55,bcc,0.45,,0,sas,1,,0,,0
630,63007000,ARJ,1,,0,,0,jpr,1,,0,,0,eur,1,,0,,0
630,63008000,ARI1,0.66,ARI2,0.27,,0,sdh,0.78,ckb,0.12,kmr,0.11,men,1,,0,,0
630,63009000,ARI2,0.98,,0,,0,pes,1,,0,,0,men,1,,0,,0
630,63010000,ARI1,0.99,,0,,0,tuk,1,,0,,0,eas,0.5,eur,0.5,,0
630,63012000,ZOR,1,,0,,0,pes,1,,0,,0,men,1,,0,,0
640,64001000,ARI1,0.95,,0,,0,kmr,0.58,tur,0.42,,0,men,1,,0,,0
640,64002000,ARI1,0.97,,0,,0,tur,1,,0,,0,men,1,,0,,0
640,64003000,ARI1,0.96,,0,,0,rmn,1,,0,,0,eur,0.5,sas,0.5,,0
645,64501000,ARI1,0.99,,0,,0,kmr,0.85,ckb,0.15,,0,men,1,,0,,0
645,64502000,ARI2,0.99,,0,,0,acm,1,,0,,0,men,1,,0,,0
645,64503000,ARI1,0.99,,0,,0,acm,1,,0,,0,men,1,,0,,0
645,64504000,ARC3D,0.855,,0,,0,aii,1,,0,,0,eur,1,,0,,0
645,64505000,ARI1,0.6,ARI2,0.4,,0,tuk,1,,0,,0,eur,1,,0,,0
651,65101000,ARI1,0.85,ARC3,0.11,,0,arz,0.67,aec,0.27,apd,0.06,men,0.94,ssa,0.06,,0
651,65102000,ARC3A,1,,0,,0,arz,1,,0,,0,men,1,,0,,0
651,65103000,ARJ,0.91,,0,,0,arz,1,,0,,0,men,1,,0,,0
652,65201000,ARI2B5,1,,0,,0,apc,1,,0,,0,men,1,,0,,0
652,65202000,ARI1,0.92,,0,,0,apc,1,,0,,0,men,1,,0,,0
652,65203000,ARI2B3,1,,0,,0,apc,1,,0,,0,men,1,,0,,0
652,65204000,ARC3D,0.69,ARC99,0.16,ARC4,0.08,hye,0.36,aii,0.21,tru,0.14,men,1,,0,,0
652,65206000,ARI1,0.99,,0,,0,kmr,1,,0,,0,men,1,,0,,0
660,66001000,ARC3F,0.83,,0,,0,hye,1,,0,,0,men,1,,0,,0
660,66002000,ARI2B5,0.85,,0,,0,apc,1,,0,,0,men,1,,0,,0
660,66003000,ARC2A,0.85,,0,,0,ell,1,,0,,0,men,1,,0,,0
660,66004000,ARC99,0.99,,0,,0,ell,1,,0,,0,men,1,,0,,0
660,66005000,ARC1,0.99,,0,,0,apc,1,,0,,0,men,1,,0,,0
660,66006000,ARC1,0.94,,0,,0,hye,1,,0,,0,men,1,,0,,0
660,66007000,ARI1,0.57,ARC1,0.25,ARC3,0.114,apc,1,,0,,0,men,1,,0,,0
660,66008000,ARI2,0.99,,0,,0,apc,1,,0,,0,men,1,,0,,0
660,66009000,ARC4,0.99,,0,,0,apc,1,,0,,0,men,1,,0,,0
660,66010000,ARI1,0.99,,0,,0,apc,1,,0,,0,men,1,,0,,0
660,66011000,ARI2B3,1,,0,,0,apc,1,,0,,0,men,1,,0,,0
663,66301000,ARI1,0.965,,0,,0,ajp,1,,0,,0,men,1,,0,,0
663,66302000,ARI1,0.97,,0,,0,ajp,1,,0,,0,men,1,,0,,0
663,66303000,ARC2,0.62,ARC1,0.22,ARC4,0.09,aip,0.61,apc,0.19,acm,0.11,men,0.88,eur,0.39,eas,0.39
666,66601000,ARI1,0.82,ATH,0.18,,0,ajp,1,,0,,0,men,1,,0,,0
666,66601100,ARI1,0.82,ATH,0.18,,0,ajp,1,,0,,0,men,1,,0,,0
666,66601200,ARI1,0.95,,0,,0,ajp,1,,0,,0,men,1,,0,,0
666,66602000,ARJ1,0.58,ATH,0.42,,0,heb,1,,0,,0,eur,1,,0,,0
666,66604000,ARJ1,0.58,ATH,0.42,,0,heb,0.87,aju,0.1,,0,men,1,,0,,0
666,66605000,ARJ1,0.86,ATH,0.14,,0,rus,1,,0,,0,eur,1,,0,,0
670,67001000,ARI2B,1,,0,,0,afb,1,,0,,0,men,1,,0,,0
670,67002000,ARI2A,1,,0,,0,afb,1,,0,,0,men,1,,0,,0
670,67004000,ARI1B,1,,0,,0,acw,1,,0,,0,men,1,,0,,0
670,67005000,ARI1D1,1,,0,,0,ars,1,,0,,0,men,1,,0,,0
678,67801000,ARI1B,1,,0,,0,acq,1,,0,,0,men,1,,0,,0
678,67802000,ARI2C,0.55,ARI1B,0.45,,0,ayn,1,,0,,0,men,1,,0,,0
678,67802100,ARI2C,1,,0,,0,ayn,1,,0,,0,men,1,,0,,0
678,67802200,ARI1B,1,,0,,0,ayn,1,,0,,0,men,1,,0,,0
678,67803000,ARI1,1,,0,,0,acq,1,,0,,0,men,0.5,ssa,0.5,,0
678,67804000,ARJ,1,,0,,0,jye,1,,0,,0,men,1,,0,,0
678,67805000,ARI2C,1,,0,,0,ayn,1,,0,,0,eur,1,,0,,0
678,67806000,ARI1B,1,,0,,0,ayn,1,,0,,0,eur,1,,0,,0
678,67807000,ARI1B,1,,0,,0,acq,1,,0,,0,eur,1,,0,,0
690,69002000,ARI2,0.94,,0,,0,afb,1,,0,,0,men,1,,0,,0
690,69003000,ARI1,0.94,,0,,0,afb,1,,0,,0,men,1,,0,,0
690,69004000,ARI1,0.7,ARI2,0.3,,0,ars,1,,0,,0,men,1,,0,,0
692,69201000,ARI1,0.91,,0,,0,afb,1,,0,,0,men,1,,0,,0
692,69202000,ARI2,0.99,,0,,0,abv,1,,0,,0,men,1,,0,,0
694,69401000,ARI1D1,1,,0,,0,afb,1,,0,,0,eur,1,,0,,0
700,70004000,ARI1,1,,0,,0,bgn,1,,0,,0,sas,1,,0,,0
700,70005000,ARI1,1,,0,,0,brh,1,,0,,0,sas,1,,0,,0
700,70006000,ARI1,1,,0,,0,aiq,1,,0,,0,sas,0.6,eas,0.4,,0
700,70007000,ARI2,1,,0,,0,haz,1,,0,,0,eas,0.6,sas,0.4,,0
700,70008000,ARI1,0.99,,0,,0,bsh,0.35,wbk,0.17,ask,0.17,sas,1,,0,,0
700,70010000,ARI1,1,,0,,0,prs,1,,0,,0,eur,1,,0,,0
700,70011000,ARI1,0.99,,0,,0,psi,0.4,psh,0.37,aee,0.2,sas,1,,0,,0
700,70012000,ARI1,1,,0,,0,pbu,0.88,pbt,0.12,,0,sas,0.5,sas,0.5,,0
700,70013000,ARI2,1,,0,,0,prs,1,,0,,0,sas,1,,0,,0
700,70014000,ARI1,1,,0,,0,prs,1,,0,,0,eur,1,,0,,0
700,70015000,ARI1,1,,0,,0,tuk,1,,0,,0,eas,0.5,eur,0.5,,0
700,70016000,ARI1,1,,0,,0,uzs,1,,0,,0,eas,0.5,eur,0.5,,0
701,70111000,ARI1,0.8,ATH,0.2,,0,kaz,1,,0,,0,eas,1,,0,,0
701,70112000,ARC2,0.67,ARI1,0.17,ATH,0.16,rus,1,,0,,0,eur,1,,0,,0
701,70113000,ARI1,0.8,ATH,0.2,,0,tuk,1,,0,,0,eas,0.5,eur,0.5,,0
701,70114000,ARI1,0.8,ATH,0.2,,0,uzn,1,,0,,0,eas,0.5,eur,0.5,,0
702,70201000,ARI1A,0.93,,0,,0,kir,1,,0,,0,eas,1,,0,,0
702,70202000,ARC2,0.67,ATH,0.19,ARI1,0.14,rus,1,,0,,0,eur,1,,0,,0
702,70203000,ARI1A,0.99,,0,,0,tgk,1,,0,,0,eur,1,,0,,0
702,70204000,ARI1A,0.84,ATH,0.16,,0,tat,1,,0,,0,eur,1,,0,,0
702,70205000,ARI1A,0.87,ATH,0.12,,0,uzn,1,,0,,0,eas,0.5,eur,0.5,,0
702,70206000,ARI2B2,0.97,,0,,0,sgh,0.78,wbl,0.12,yah,0.03,eur,1,,0,,0
703,70301000,ARI1A,0.77,ANI,0.2,,0,kir,1,,0,,0,eas,1,,0,,0
703,70302000,ARC2,0.67,ATH,0.19,ARI1,0.14,rus,1,,0,,0,eur,1,,0,,0
703,70304000,ARI1A,1,,0,,0,uig,1,,0,,0,eas,1,,0,,0
703,70305000,ARI1A,0.82,ATH,0.14,,0,uzn,1,,0,,0,eas,0.5,eur,0.5,,0
704,70401000,ARI1A,0.78,ATH,0.22,,0,kaa,1,,0,,0,eur,1,,0,,0
704,70403000,ARC4,0.65,ATH,0.19,ARI1A,0.13,rus,1,,0,,0,eur,1,,0,,0
704,70404000,ARI1A,0.95,,0,,0,tgk,1,,0,,0,eur,1,,0,,0
704,70406000,ARI1A,0.66,ANI,0.2,ATH,0.14,uzn,1,,0,,0,eas,0.5,eur,0.5,,0
705,70501000,ARC4,0.5,ATH,0.3,ARC1,0.1,rus,0.7,deu,0.3,,0,eur,1,,0,,0
705,70502000,ARI1a,0.459,ATH,0.34,ANI2,0.2,kaz,1,,0,,0,eas,1,,0,,0
705,70503000,ARC2F,0.65,ATH,0.19,ARI,0.13,rus,1,,0,,0,eur,1,,0,,0
705,70503100,ARC4,0.65,ATH,0.19,ARI1A,0.13,rus,1,,0,,0,eur,1,,0,,0
705,70503200,ARC2,0.8,ATH,0.2,,0,ukr,1,,0,,0,eur,1,,0,,0
705,70504000,ARI1A,0.83,ATH,0.16,,0,tat,1,,0,,0,eur,1,,0,,0
705,70505000,ARI1A,1,,0,,0,uig,1,,0,,0,eas,1,,0,,0
705,70507000,ARI1,0.6,ANI2,0.2,ATH,0.2,uzn,1,,0,,0,eas,0.5,eur,0.5,,0
710,71001000,ERB7,0.7,ATH,0.17,ANI,0.1,bfs,1,,0,,0,eas,1,,0,,0
710,71002000,ANI,0.8,ERB,0.15,,0,pcc,0.88,,0,,0,eas,1,,0,,0
710,71003000,ATH,0.48,EARC,0.31,ERB2,0.13,cmn,0.67,wuu,0.07,yue,0.05,eas,1,,0,,0
710,71004000,ANI,0.93,,0,,0,kmc,0.68,doc,0.32,,0,eas,1,,0,,0
710,71005000,ATH,0.4,ERB2,0.3,EARC,0.25,yue,1,,0,,0,eas,1,,0,,0
710,71005100,ARI1,0.96,ATH,0.4,,0,cmn,1,,0,,0,eas,1,,0,,0
710,71005300,ARI1,1,,0,,0,cmn,0.61,sce,0.39,,0,eas,1,,0,,0
710,71005400,ARI1,0.95,,0,,0,kir,1,,0,,0,eas,1,,0,,0
710,71005500,ARI1,1,,0,,0,slr,0.57,cmn,0.43,,0,eas,1,,0,,0
710,71006000,ANI,0.3,ARC99,0.29,ERB2,0.25,cmn,0.56,kor,0.44,,0,eas,1,,0,,0
710,71007000,ATH,0.48,EARC,0.31,ERB2,0.13,cmn,1,,0,,0,eas,1,,0,,0
710,71008000,ANI2,0.88,,0,,0,hea,0.25,mmr,0.16,cmn,0.12,eas,1,,0,,0
710,71009000,ERB7,0.54,ATH,0.24,ANI2,0.2,mvf,0.96,kto,0.02,khk,0.01,eas,1,,0,,0
710,71010000,ERB7,0.96,,0,,0,adx,0.3,khg,0.23,bod,0.18,eas,1,,0,,0
710,71011000,ANI199,0.95,,0,,0,ium,0.41,bwx,0.23,hsn,0.19,eas,1,,0,,0
710,71012000,ANI2,0.9,,0,,0,iii,0.45,yig,0.11,ycl,0.09,eas,1,,0,,0
710,71013000,ANI199,0.84,ATH,0.16,,0,zyb,0.13,zyn,0.12,zzj,0.1,eas,1,,0,,0
710,71014000,ERB1,0.63,ANI199,0.32,,0,khb,0.52,tdd,0.33,,0,eas,1,,0,,0
710,71015000,ANI,0.73,ERB7,0.2,,0,dta,1,,0,,0,eas,1,,0,,0
710,71016000,ANI199,0.9,,0,,0,hni,0.37,how,0.25,ahk,0.12,eas,1,,0,,0
710,71017000,ANI199,0.82,ARC99,0.11,,0,atb,0.77,kac,0.22,,0,eas,1,,0,,0
710,71018000,ANI199,0.4,ARC99,0.33,ARC1,0.22,lhu,1,,0,,0,eas,1,,0,,0
710,71019000,ANI199,0.95,,0,,0,lic,0.53,cmn,0.42,jio,0.04,eas,1,,0,,0
710,71020000,ARC99,0.48,ARC1,0.32,ANI2,0.18,lis,0.67,lpo,0.28,,0,eas,1,,0,,0
710,71021000,ANI,0.94,,0,,0,mlm,0.87,,0,,0,eas,1,,0,,0
710,71022000,ANI2,0.93,,0,,0,nxq,1,,0,,0,eas,1,,0,,0
710,71023000,ANI,0.63,ERB7,0.35,,0,qxs,0.27,cng,0.19,,0,eas,1,,0,,0
710,71024000,EARC1A,0.7,ATH,0.3,,0,hak,0.99,shx,0.001,,0,eas,1,,0,,0
710,71025000,EARC,0.92,,0,,0,swi,1,,0,,0,eas,1,,0,,0
710,71026000,ERB7,0.7,ANI2,0.3,,0,mjg,0.8,,0,,0,eas,1,,0,,0
710,71027000,EARC1,0.79,ATH,0.2,,0,cmn,0.99,tji,0.009,tjs,0.0002,eas,1,,0,,0
710,71028000,ANI2,0.69,ARC99,0.3,,0,prk,1,,0,,0,eas,1,,0,,0
710,71030000,EARC1A,0.5,ERB,0.5,,0,cmn,0.99,gio,0.01,,0,eas,1,,0,,0
710,71032000,ATH,0.54,ANI,0.45,,0,cmn,0.84,sjo,0.16,,0,eas,1,,0,,0
710,71033000,ERB1,0.9,ANI199,0.1,,0,blr,1,,0,,0,eas,1,,0,,0
710,71034000,ANI199,0.85,,0,,0,mmd,0.75,cmn,0.25,,0,eas,1,,0,,0
710,71035000,ARI1,0.97,,0,,0,kaz,1,,0,,0,eas,1,,0,,0
710,71036000,ARI1,0.99,,0,,0,uig,1,,0,,0,eas,1,,0,,0
712,71202000,ARI1,1,,0,,0,kaz,1,,0,,0,eas,1,,0,,0
712,71203000,ANI,1,,0,,0,khk,1,,0,,0,eas,1,,0,,0
713,71301000,ARC99,0.36,ARC4,0.25,ARC1,0.16,ami,0.38,pwn,0.18,tay,0.17,oce,1,,0,,0
713,71302000,EARC1,0.69,ERB,0.24,,0,cmn,1,,0,,0,eas,1,,0,,0
713,71303000,EARC1,0.61,ERB,0.3,,0,nan,0.77,hak,0.12,,0,eas,1,,0,,0
740,74001000,ANI,0.7,ARC,0.2,,0,jpn,0.6,rus,0.35,,0,eas,1,,0,,0
740,74002000,ERB,0.99,,0,,0,ryu,0.86,jpn,0.14,,0,eas,1,,0,,0
740,74003000,ATH,0.6,EARJ1,0.2,ERB,0.16,jpn,1,,0,,0,eas,1,,0,,0
740,74005000,ATH,0.6,EARJ1,0.2,ERB,0.16,jpn,1,,0,,0,eas,1,,0,,0
740,74006000,ATH,0.6,EARJ1,0.2,ERB,0.16,jpn,0.75,kor,0.25,,0,eas,1,,0,,0
750,75001000,ERH1,1,,0,,0,asm,1,,0,,0,sas,1,,0,,0
750,75002000,ERH1,1,,0,,0,ben,1,,0,,0,sas,1,,0,,0
750,75003000,ANI,0.5,ERH1,0.4,ARC,0.1,brx,1,,0,,0,eas,1,,0,,0
750,75004000,ERH1,1,,0,,0,guj,1,,0,,0,sas,1,,0,,0
750,75005000,ERH1,1,,0,,0,hin,1,,0,,0,sas,1,,0,,0
750,75006000,ARI1,1,,0,,0,kas,1,,0,,0,sas,1,,0,,0
750,75007000,ERH1,0.9,ARC4B,0.1,,0,trp,1,,0,,0,eas,1,,0,,0
750,75008000,ERH1,0.7,ERH2,0.3,,0,kan,1,,0,,0,sas,1,,0,,0
750,75009000,ERH1,0.7,ARC3D,0.27,,0,mal,1,,0,,0,sas,1,,0,,0
750,75010000,ERH1,0.8,ANI,0.2,,0,mni,1,,0,,0,eas,1,,0,,0
750,75011000,ERH1,0.85,ERB,0.13,,0,mar,1,,0,,0,sas,1,,0,,0
750,75012000,ARC4G,1,,0,,0,lus,1,,0,,0,eas,1,,0,,0
750,75013000,ARI1,0.66,ARI2,0.26,,0,urd,0.75,ben,0.17,mal,0.056,sas,1,,0,,0
750,75014000,ARC4B,1,,0,,0,nsm,0.4,njo,0.36,njh,0.24,eas,1,,0,,0
750,75015000,ERH1,1,,0,,0,ury,1,,0,,0,sas,1,,0,,0
750,75016000,ERH1,1,,0,,0,hin,0.4,mar,0.06,tel,0.06,sas,0.9,eas,0.1,,0
750,75017000,ERS,1,,0,,0,pan,1,,0,,0,sas,1,,0,,0
750,75019000,ERH1,0.9,ARC,0.03,,0,tam,1,,0,,0,sas,1,,0,,0
750,75020000,ERH1,1,,0,,0,tel,1,,0,,0,sas,1,,0,,0
750,75021000,ERH1,1,,0,,0,hin,0.4,mar,0.06,tel,0.06,sas,1,,0,,0
750,75022000,ANI,0.4,ARC4,0.3,ERH1,0.2,hin,0.4,gon,0.06,bhb,0.04,sas,0.9,eas,0.1,,0
760,76001000,ERB7,0.66,ERB2,0.34,,0,tsj,0.66,dzo,0.34,,0,eas,1,,0,,0
760,76001010,ERB2,1,,0,,0,dzo,1,,0,,0,eas,1,,0,,0
760,76001020,ERB7,1,,0,,0,tsj,1,,0,,0,eas,1,,0,,0
760,76002000,ERH1,1,,0,,0,nep,1,,0,,0,sas,1,,0,,0
770,77001000,ARI1,0.85,ARI2,0.15,,0,bgp,0.74,,0,,0,sas,1,,0,,0
770,77002000,ARI1,1,,0,,0,ben,1,,0,,0,sas,1,,0,,0
770,77003000,ARI1,0.85,ARI2,0.15,,0,urd,1,,0,,0,sas,1,,0,,0
770,77004000,ARI1,0.85,ARI2,0.15,,0,pbu,0.51,pst,0.42,,0,sas,0.5,sas,0.5,,0
770,77005000,ARI1,0.85,ARI2,0.15,,0,pnb,0.8146,skr,0.1854,,0,sas,1,,0,,0
770,77006000,ARI1,0.85,ARI2,0.15,,0,snd,1,,0,,0,sas,1,,0,,0
770,77007000,ARI5,1,,0,,0,pnb,0.8,snd,0.2,,0,sas,1,,0,,0
770,77008000,ERH1,1,,0,,0,snd,0.61,pnb,0.18,kvx,0.17,sas,1,,0,,0
770,77009000,ARC4,1,,0,,0,pnb,0.98,,0,,0,sas,1,,0,,0
771,77101000,ERH1,1,,0,,0,ben,1,,0,,0,sas,1,,0,,0
771,77102000,ARI1,1,,0,,0,ben,1,,0,,0,sas,1,,0,,0
771,77103000,ERB1,1,,0,,0,ccp,0.56,rki,0.25,,0,eas,1,,0,,0
771,77104000,ARI1,1,,0,,0,urd,1,,0,,0,sas,1,,0,,0
775,77501000,ERB1,1,,0,,0,mya,1,,0,,0,sas,1,,0,,0
775,77502000,ERB1,0.83,ANI,0.15,,0,rki,1,,0,,0,sas,1,,0,,0
775,77503000,ERB2,0.7,ANI,0.2,,0,cmn,0.63,nan,0.18,yue,0.16,eas,1,,0,,0
775,77504000,ERH1,0.56,ARI1,0.27,,0,ben,0.28,tam,0.15,tel,0.14,sas,1,,0,,0
775,77505000,ARC4,0.64,ANI,0.26,,0,kac,1,,0,,0,sas,1,,0,,0
775,77506000,ARC4,0.39,ANI,0.4,ARC1,0.11,ksw,0.37,kjp,0.35,,0,sas,1,,0,,0
775,77507000,ERB1,0.85,ANI,0.1,,0,mnw,1,,0,,0,eas,1,,0,,0
775,77508000,ARI1,1,,0,,0,rhg,1,,0,,0,sas,1,,0,,0
775,77509000,ERB1,0.99,,0,,0,shn,1,,0,,0,eas,1,,0,,0
775,77510000,ANI,0.69,ARC4,0.3,,0,prk,1,,0,,0,eas,1,,0,,0
775,77511000,ARC4,0.66,ANI,0.34,,0,ctd,0.25,cmr,0.18,cfm,0.17,sas,1,,0,,0
775,77512000,ANI,0.51,ARC4,0.31,ERB1,0.18,kyu,0.74,pdu,0.11,,0,sas,1,,0,,0
780,78001000,ERH2,0.9,,0,,0,tam,1,,0,,0,sas,1,,0,,0
780,78002000,ARI1B,1,,0,,0,tam,1,,0,,0,sas,1,,0,,0
780,78003000,ERB1,1,,0,,0,sin,1,,0,,0,sas,1,,0,,0
780,78004000,ERH2,0.8,ARC1,0.15,,0,tam,1,,0,,0,sas,1,,0,,0
781,78101000,ARI1B,0.99,,0,,0,div,1,,0,,0,sas,1,,0,,0
790,79001000,ERH1,0.8,ERB3,0.1,,0,npi,0.86,,0,,0,sas,1,,0,,0
790,79002000,ERH1,0.61,ERB3,0.27,ERS,0.1,npi,0.36,taj,0.15,new,0.09,sas,1,,0,,0
790,79003000,ERH4,0.83,ERB3,0.17,,0,new,0.59,npi,0.38,,0,sas,1,,0,,0
790,79004000,ERH1,0.9,,0,,0,npi,0.8,new,0.1,,0,sas,1,,0,,0
790,79005000,ERH1,0.7,ERB,0.1,,0,mai,0.55,bho,0.34,awa,0.11,sas,1,,0,,0
790,79006000,ARI1,1,,0,,0,npi,0.76,bho,0.15,mai,0.07,sas,1,,0,,0
800,80001000,ARI1,1,,0,,0,mfa,1,,0,,0,sas,1,,0,,0
800,80002000,ERB1,0.75,ANI,0.25,,0,shn,1,,0,,0,sas,1,,0,,0
800,80003000,ERB1,1,,0,,0,tha,1,,0,,0,eas,1,,0,,0
800,80004000,ERB1,0.6,ERB2,0.2,EARC1,0.2,tha,0.8,nan,0.2,,0,eas,1,,0,,0
800,80005000,ANI,1,,0,,0,ksw,0.28,mnw,0.15,ahk,0.08,sas,0.5,eas,0.5,,0
811,81101000,ARI1,1,,0,,0,cja,0.59,khm,0.41,,0,eas,1,,0,,0
811,81102000,ERB2,0.8,ANI,0.2,,0,nan,0.67,yue,0.2,,0,eas,1,,0,,0
811,81103000,ERB99,1,,0,,0,khm,1,,0,,0,eas,1,,0,,0
811,81104000,ERB2,1,,0,,0,vie,0.56,khm,0.44,,0,eas,1,,0,,0
811,81105000,ANI,1,,0,,0,kdt,0.37,tpu,0.31,jra,0.2,eas,0.5,oce,0.5,,0
811,81107000,ERB2,0.57,ANI,0.33,,0,lao,1,,0,,0,eas,0,,0,,0
812,81201000,ANI,1,,0,,0,mww,0.63,hnj,0.27,,0,eas,1,,0,,0
812,81202000,ANI,1,,0,,0,kjg,1,,0,,0,eas,1,,0,,0
812,81203000,ERB1,1,,0,,0,lao,0.95,,0,,0,eas,1,,0,,0
812,81204000,ANI,1,,0,,0,ahk,0.37,pho,0.2,ium,0.11,eas,1,,0,,0
812,81205000,ANI,1,,0,,0,kgd,0.15,sss,0.14,,0,eas,1,,0,,0
812,81209000,ERB1,0.5,ANI,0.5,,0,pht,0.183,khb,0.16,,0,eas,1,,0,,0
816,81601000,ERB2,0.48,ATH,0.33,,0,yue,1,,0,,0,eas,1,,0,,0
816,81602000,ERB2,0.48,ATH,0.33,,0,vie,1,,0,,0,eas,1,,0,,0
816,81603000,ANI,0.84,,0,,0,ium,0.67,mji,0.33,,0,eas,1,,0,,0
816,81610000,ANI,0.65,ARC4,0.18,ARC1,0.12,jra,1,,0,,0,oce,1,,0,,0
816,81611000,ANI,0.58,ARC4,0.32,,0,mww,1,,0,,0,eas,1,,0,,0
816,81613000,ERB1,0.84,,0,,0,khm,1,,0,,0,eas,1,,0,,0
816,81615000,ANI,0.8,ATH,0.19,,0,mtq,1,,0,,0,eas,1,,0,,0
816,81616000,ANI,0.75,ATH,0.24,,0,nut,1,,0,,0,eas,1,,0,,0
816,81617000,ANI,0.52,ERB2,0.39,,0,tyz,1,,0,,0,eas,1,,0,,0
816,81618000,ANI,0.82,,0,,0,blt,0.52,twh,0.21,pht,0.15,eas,1,,0,,0
817,81701000,ERB2,0.9,ARC1,0.1,,0,yue,0.53,nan,0.33,hak,0.08,eas,1,,0,,0
817,81702000,ERB2,0.85,ARC1,0.1,,0,vie,1,,0,,0,eas,0.9,oce,0.1,,0
820,82001000,EARC1,0.3,ERB,0.26,ARI1,0.25,hak,0.4,nan,0.3,yue,0.3,eas,1,,0,,0
820,82002000,ANI,0.52,ARC4,0.26,ARC1,0.13,iba,0.81,bth,0.08,sdo,0.06,oce,1,,0,,0
820,82003000,ERH,0.62,ARI1,0.31,,0,tam,0.8,,0,,0,sas,1,,0,,0
820,82004000,ANI,0.34,ARC1,0.33,ARC4,0.21,dtb,0.38,kjz,0.12,,0,oce,1,,0,,0
820,82005000,ARI1,0.993,,0,,0,zlm,0.57,meo,0.15,,0,oce,1,,0,,0
820,82006000,ANI,0.72,ARI1,0.23,,0,sea,0.3,jak,0.19,tmw,0.16,oce,1,,0,,0
830,83001000,ERB2,0.51,ATH,0.24,,0,nan,0.42,cmn,0.4,yue,0.12,eas,1,,0,,0
830,83002000,ARI1,0.59,ARC1,0.19,,0,zlm,0.64,tgl,0.24,mad,0.04,eas,1,,0,,0
830,83003000,ERH,0.61,ARI1,0.2,,0,tam,0.3,ben,0.2,eng,0.19,sas,1,,0,,0
830,83004000,ERB,0.29,ATH,0.22,ARC1,0.2,eng,0.48,tha,0.18,jpn,0.15,eas,0.53,eur,0.42,mea,0.04
835,83501000,ARI1B,0.95,,0,,0,kxd,0.66,bsb,0.27,ttg,0.07,oce,1,,0,,0
835,83502000,ANI,0.44,ARC4,0.15,ARC99,0.12,bsb,0.54,ttg,0.41,lnd,0.05,oce,1,,0,,0
835,83503000,ANI,0.67,ARC,0.18,ARI1,0.15,iba,0.98,pez,0.02,,0,oce,1,,0,,0
835,83504000,ANI,0.44,ERB,0.39,ARC,0.11,nan,0.26,cmn,0.21,cdo,0.14,eas,1,,0,,0
840,84001000,ARC1,0.85,,0,,0,tgl,0.26,ceb,0.2,ilo,0.09,oce,1,,0,,0
840,84002000,ANI,0.58,ARC4,0.21,ARC1,0.17,bnc,0.2,kne,0.08,syb,0.06,oce,1,,0,,0
840,84003000,ARI1,0.98,,0,,0,mdh,0.26,mrw,0.25,tsg,0.24,oce,1,,0,,0
840,84004000,ARC1,0.7,ARC4,0.13,,0,nan,1,,0,,0,eas,0.6,oce,0.4,,0
850,85001000,ARI1,1,,0,,0,ace,1,,0,,0,eas,0.6,oce,0.4,,0
850,85002000,ARC4,1,,0,,0,abs,1,,0,,0,oce,0.6,eas,0.4,,0
850,85003000,ERH2,0.8,ANI,0.185,,0,ban,1,,0,,0,eas,0.6,oce,0.4,,0
850,85004000,ARC4,0.86,ARI1B,0.14,,0,bbc,0.27,btd,0.23,bts,0.18,eas,0.6,oce,0.4,,0
850,85005000,ERB,0.54,ARC,0.36,,0,cmn,0.38,nan,0.3,hak,0.23,eas,1,,0,,0
850,85006000,ARC1,0.98,,0,,0,mgm,0.18,tet,0.13,mkz,0.13,eas,0.5,oce,0.5,,0
850,85007000,ARI1B,0.98,,0,,0,gor,1,,0,,0,eas,0.6,oce,0.4,,0
850,85008000,ARI1B,0.85,ARC4,0.11,,0,jav,1,,0,,0,eas,0.6,oce,0.4,,0
850,85009000,ARI1B,1,,0,,0,mad,1,,0,,0,eas,0.6,oce,0.4,,0
850,85010000,ARI1B,1,,0,,0,bug,0.76,mak,0.24,,0,eas,0.6,oce,0.4,,0
850,85011000,ARC4,1,,0,,0,tnt,0.6,tom,0.4,,0,eas,0.6,oce,0.4,,0
850,85012000,ARI1B,1,,0,,0,min,1,,0,,0,eas,0.6,oce,0.4,,0
850,85013000,ARI1B,0.99,,0,,0,pmy,1,,0,,0,oce,0.6,eas,0.4,,0
850,85014000,ARI1B,0.94,,0,,0,sun,1,,0,,0,eas,0.6,oce,0.4,,0
850,85015000,ARI1B,1,,0,,0,tft,1,,0,,0,oce,0.6,eas,0.4,,0
850,85016000,ARC4,0.38,ARI1,0.23,ANI,0.11,nij,0.38,xdy,0.23,knx,0.11,eas,0.6,oce,0.4,,0
850,85017000,ARI1B,1,,0,,0,zlm,1,,0,,0,eas,0.6,oce,0.4,,0
900,90001000,ARC1,0.8,ANI,0.15,,0,eng,0.8,,0,,0,oce,1,,0,,0
900,90002000,ERB,0.5,ERH,0.2,ATH,0.1,hin,0.35,yue,0.23,vie,0.18,eas,0.55,sas,0.45,,0
900,90003000,ARC1,0.31,ARC5,0.23,ANI,0.23,eng,1,,0,,0,eur,1,,0,,0
910,91001000,ARC1,0.26,ARC4E,0.18,ARC4I,0.13,tpi,0.75,enq,0.06,med,0.04,oce,1,,0,,0
910,91002000,ARC1,0.72,ARC4,0.18,,0,buo,0.17,hla,0.16,nas,0.11,oce,1,,0,,0
920,92001000,ARC4,0.5,ARC99,0.4,ANI,0.1,eng,0.67,mri,0.33,,0,oce,1,,0,,0
920,92002000,ATH,0.35,ARC5,0.19,ARC1,0.14,eng,1,,0,,0,eur,1,,0,,0
920,92003000,ARC5,0.35,ARC1,0.3,ARC4,0.25,eng,0.5,smo,0.3,rar,0.15,oce,1,,0,,0
920,92004000,ATH,0.28,ERH,0.26,EARC1,0.18,eng,0.7,yue,0.1,,0,eas,0.66,sas,0.33,,0
940,94001000,ARC4,0.47,ARC5,0.24,ARC1,0.2,kwf,0.08,pis,0.06,alu,0.05,oce,1,,0,,0
950,95001000,ARC4F,0.66,ARC1,0.13,,0,fij,0.89,wyy,0.11,,0,oce,1,,0,,0
950,95002000,ERH99,0.74,ARI,0.16,,0,hif,1,,0,,0,sas,1,,0,,0
